i,x,y,z,r,theta
0,0,0,0,0,180
1,-20,23,0,30,311
2,-8,29,0,30,285
3,-1,-28,0,28,88
4,-22,13,0,25,329
5,22,-15,0,26,146
6,-32,-6,0,32,11
7,4,-30,0,30,98
8,-31,8,0,32,345
9,-28,17,0,32,328
10,17,27,0,31,237
11,22,27,0,34,230
12,20,20,0,28,225
13,21,25,0,32,229
14,3,36,0,36,265
15,-7,26,0,26,285
16,10,27,0,28,249
17,35,3,0,35,184
18,-29,-21,0,35,36
19,30,-17,0,34,151
20,8,28,0,29,254
21,-14,-35,0,37,69
22,11,-37,0,38,107
23,34,7,0,34,191
24,-1,35,0,35,271
25,-35,-3,0,35,5
26,-29,19,0,34,326
27,-27,-19,0,33,36
28,3,31,0,31,264
29,4,35,0,35,263
30,27,-26,0,37,137
31,-36,8,0,36,347
32,-21,-32,0,38,57
33,-30,-17,0,34,30
34,-37,0,0,37,360
35,10,37,0,38,254
36,-8,-33,0,33,77
37,-26,14,0,29,331
38,27,-16,0,31,150
39,-31,6,0,31,349
40,-33,-7,0,33,12
41,32,-15,0,35,155
42,38,-4,0,38,174
43,-35,23,0,41,326
44,-4,38,0,38,276
45,9,34,0,35,255
46,1,-35,0,35,92
47,37,11,0,38,196
48,32,22,0,38,214
49,15,32,0,35,244
50,39,15,0,41,201
51,37,11,0,38,196
52,37,-13,0,39,161
53,-28,-27,0,38,44
54,10,34,0,35,253
55,22,-37,0,43,121
56,40,-3,0,40,176
57,42,0,0,42,180
58,22,-30,0,37,127
59,-2,43,0,43,272
60,-32,-18,0,36,30
61,21,-38,0,43,119
62,24,-37,0,44,123
63,-34,-12,0,36,20
64,-41,-4,0,41,6
65,-25,-29,0,38,50
66,-38,24,0,44,327
67,-11,-36,0,37,74
68,-36,19,0,40,332
69,-45,5,0,45,353
70,3,48,0,48,266
71,2,-44,0,44,93
72,-10,44,0,45,282
73,-10,-42,0,43,77
74,3,43,0,43,266
75,-28,28,0,39,315
76,-40,-16,0,43,22
77,-16,-39,0,42,68
78,-28,33,0,43,310
79,28,-31,0,41,133
80,-38,-14,0,40,21
81,10,46,0,47,257
82,-27,40,0,48,304
83,33,-29,0,43,139
84,11,-44,0,45,105
85,-42,-18,0,45,24
86,41,0,0,41,180
87,-21,-43,0,47,64
88,13,45,0,46,253
89,-1,44,0,44,271
90,-29,-41,0,50,55
91,46,20,0,50,203
92,-26,42,0,49,301
93,-48,-1,0,48,2
94,41,21,0,46,207
95,4,50,0,50,265
96,45,-14,0,47,163
97,0,48,0,48,270
98,-33,29,0,43,318
99,45,19,0,48,202
100,39,30,0,49,217
101,-19,40,0,44,295
102,25,41,0,48,238
103,41,11,0,42,195
104,35,-28,0,44,142
105,15,-48,0,50,108
106,3,43,0,43,266
107,-48,-11,0,49,13
108,35,36,0,50,225
109,-45,6,0,45,352
110,0,-54,0,54,90
111,25,45,0,51,240
112,-50,-1,0,50,2
113,-29,-43,0,51,57
114,45,-15,0,47,162
115,6,-49,0,49,97
116,22,45,0,50,243
117,50,18,0,53,199
118,-53,3,0,53,356
119,44,13,0,45,196
120,38,-30,0,48,142
121,-10,52,0,52,280
122,-27,-45,0,52,60
123,20,44,0,48,245
124,3,-52,0,52,94
125,50,-15,0,52,164
126,4,51,0,51,265
127,54,-7,0,54,173
128,15,-50,0,52,107
129,-46,-22,0,50,26
130,-30,49,0,57,301
131,-41,-27,0,49,34
132,46,16,0,48,199
133,47,33,0,57,215
134,-46,-34,0,57,37
135,-26,-50,0,56,63
136,33,-37,0,49,132
137,-16,49,0,51,288
138,43,-26,0,50,149
139,-52,-5,0,52,6
140,-56,-12,0,57,13
141,23,-49,0,54,116
142,49,-27,0,55,152
143,-44,34,0,55,322
144,33,-45,0,55,127
145,-35,-46,0,57,53
146,-3,55,0,55,273
147,-46,-26,0,52,30
148,-55,-9,0,55,10
149,52,-5,0,52,175
150,61,12,0,62,191
151,-34,48,0,58,305
152,40,41,0,57,225
153,-17,56,0,58,286
154,-59,5,0,59,355
155,47,-39,0,61,141
156,-56,-2,0,56,3
157,-51,-13,0,52,15
158,-60,19,0,62,342
159,59,-14,0,60,167
160,25,55,0,60,245
161,45,32,0,55,215
162,17,59,0,61,253
163,23,-55,0,59,113
164,49,22,0,53,204
165,54,14,0,55,194
166,44,-35,0,56,142
167,-62,9,0,62,351
168,-47,41,0,62,318
169,-44,35,0,56,321
170,-11,-60,0,61,80
171,-52,34,0,62,326
172,-65,-17,0,67,15
173,24,-54,0,59,114
174,-60,9,0,60,351
175,45,-47,0,65,134
176,-51,41,0,65,321
177,-53,-27,0,59,27
178,-22,53,0,57,292
179,-49,30,0,57,328
180,9,-58,0,58,99
181,8,-62,0,62,98
182,-1,63,0,63,270
183,-15,65,0,66,282
184,55,-40,0,68,144
185,0,-61,0,61,90
186,63,7,0,63,186
187,-59,28,0,65,334
188,56,-21,0,59,160
189,-49,-44,0,65,42
190,-64,18,0,66,344
191,64,15,0,65,193
192,40,-59,0,71,125
193,-45,-40,0,60,42
194,-42,-52,0,66,52
195,-21,-56,0,59,70
196,-66,-24,0,70,20
197,-59,27,0,64,335
198,56,-28,0,62,154
199,59,-39,0,70,147
200,-61,32,0,68,332
201,68,11,0,68,189
202,37,-52,0,63,126
203,65,21,0,68,197
204,-19,68,0,70,285
205,41,54,0,67,232
206,-62,26,0,67,337
207,63,-18,0,65,165
208,58,-26,0,63,156
209,62,16,0,64,194
210,37,-63,0,73,121
211,-7,-69,0,69,85
212,-51,-51,0,72,45
213,-59,-37,0,69,33
214,48,48,0,67,225
215,55,44,0,70,218
216,-58,-33,0,66,30
217,-72,-5,0,72,4
218,-13,67,0,68,280
219,-2,71,0,71,271
220,-65,-34,0,73,28
221,-63,28,0,68,336
222,62,-27,0,67,157
223,-70,15,0,71,347
224,59,-43,0,73,144
225,19,62,0,64,252
226,-33,-65,0,72,64
227,65,-16,0,66,167
228,-59,31,0,66,332
229,68,19,0,70,195
230,-52,51,0,72,315
231,75,12,0,75,189
232,-70,0,0,70,360
233,-11,70,0,70,278
234,36,59,0,69,238
235,-38,-61,0,71,59
236,-36,62,0,71,300
237,-76,1,0,76,359
238,44,52,0,68,229
239,-34,-65,0,73,63
240,-74,32,0,80,336
241,-4,-77,0,77,88
242,30,-71,0,77,113
243,-46,-65,0,79,55
244,4,-68,0,68,94
245,8,-71,0,71,97
246,-43,-64,0,77,57
247,74,-12,0,74,171
248,74,-19,0,76,166
249,54,-45,0,70,141
250,73,24,0,76,198
251,19,-75,0,77,105
252,0,81,0,81,270
253,-71,-20,0,73,16
254,22,-78,0,81,106
255,18,-70,0,72,105
256,-67,-34,0,75,27
257,64,-44,0,77,146
258,-69,-20,0,71,17
259,-34,-74,0,81,66
260,-72,1,0,72,359
261,-19,76,0,78,284
262,78,-15,0,79,170
263,-79,-8,0,79,6
264,76,-24,0,79,163
265,9,-75,0,75,97
266,-72,-42,0,83,31
267,-70,-40,0,80,30
268,-27,76,0,80,289
269,-43,-68,0,80,58
270,-77,-23,0,80,17
271,86,2,0,86,181
272,-39,67,0,77,300
273,57,-51,0,76,139
274,-28,81,0,85,289
275,54,-59,0,79,133
276,79,-31,0,84,159
277,84,-12,0,84,172
278,-6,-76,0,76,86
279,27,-75,0,79,110
280,45,60,0,75,233
281,-48,63,0,79,307
282,27,-74,0,78,111
283,17,-78,0,79,103
284,-16,-85,0,86,80
285,19,84,0,86,257
286,-57,65,0,86,311
287,60,54,0,80,221
288,-41,76,0,86,298
289,33,78,0,84,247
290,60,66,0,89,227
291,61,61,0,86,225
292,63,57,0,84,222
293,-13,-85,0,85,82
294,52,-68,0,85,128
295,7,87,0,87,265
296,-72,-53,0,89,37
297,-35,-73,0,80,65
298,65,-55,0,85,140
299,67,-63,0,91,137
300,-30,81,0,86,290
301,-21,82,0,84,284
302,8,91,0,91,264
303,1,84,0,84,269
304,39,77,0,86,243
305,-42,-81,0,91,63
306,90,8,0,90,185
307,90,8,0,90,185
308,-49,-74,0,88,57
309,-57,58,0,81,314
310,55,-73,0,91,127
311,90,-4,0,90,178
312,-48,78,0,91,301
313,-86,0,0,86,360
314,-79,-34,0,86,24
315,-69,57,0,89,320
316,-50,69,0,85,305
317,79,-22,0,82,165
318,83,36,0,90,203
319,71,46,0,84,212
320,-50,-69,0,85,55
321,34,78,0,85,246
322,-4,-92,0,92,88
323,86,43,0,96,206
324,84,-48,0,96,151
325,23,89,0,91,255
326,-28,87,0,91,287
327,50,-71,0,86,126
328,-40,-85,0,93,65
329,71,-55,0,89,143
330,-84,24,0,87,344
331,-12,97,0,97,277
332,87,-27,0,91,163
333,95,-17,0,96,170
334,-85,-11,0,85,8
335,68,-52,0,85,143
336,-22,-90,0,92,77
337,91,-6,0,91,177
338,21,88,0,90,256
339,-80,-28,0,84,20
340,20,88,0,90,257
341,-85,-46,0,96,29
342,27,87,0,91,252
343,-98,-6,0,98,4
344,0,91,0,91,270
345,-34,-84,0,90,68
346,-81,55,0,97,325
347,72,-67,0,98,138
348,-95,21,0,97,347
349,82,50,0,96,211
350,91,-15,0,92,171
351,55,-73,0,91,127
352,5,95,0,95,266
353,-86,46,0,97,331
354,62,67,0,91,227
355,-82,-53,0,97,33
356,55,-72,0,90,128
357,-9,-91,0,91,85
358,-3,-98,0,98,89
359,15,-92,0,93,100
360,26,-93,0,96,106
361,9,-97,0,97,96
362,98,0,0,98,180
363,-85,-33,0,91,22
364,-102,6,0,102,356
365,78,64,0,100,219
366,1,100,0,100,269
367,103,-15,0,104,172
368,56,80,0,97,235
369,-29,92,0,96,287
370,92,33,0,97,199
371,-98,4,0,98,357
372,-73,57,0,92,322
373,16,95,0,96,260
374,-103,-16,0,104,9
375,89,-55,0,104,149
376,57,-77,0,95,127
377,-9,-106,0,106,86
378,-18,-96,0,97,80
379,62,-85,0,105,127
380,96,21,0,98,192
381,-77,-57,0,95,37
382,-99,12,0,99,353
383,98,-8,0,98,176
384,42,-90,0,99,116
385,-105,15,0,106,351
386,57,-80,0,98,126
387,-77,70,0,104,317
388,-82,66,0,105,321
389,-92,-32,0,97,20
390,91,55,0,106,211
391,-60,88,0,106,304
392,-43,-100,0,108,67
393,-78,-58,0,97,37
394,96,-43,0,105,156
395,-94,46,0,104,333
396,96,-43,0,105,156
397,44,88,0,98,243
398,-74,75,0,105,314
399,-23,95,0,97,283
400,-28,-103,0,106,75
401,82,55,0,98,213
402,-65,-80,0,103,51
403,57,79,0,97,234
404,-108,29,0,111,344
405,-109,-23,0,111,12
406,14,-106,0,106,98
407,-106,0,0,106,360
408,17,106,0,107,260
409,93,-36,0,99,159
410,85,-55,0,101,148
411,18,-105,0,106,100
412,-93,35,0,99,339
413,92,-64,0,112,146
414,-97,19,0,98,348
415,-20,100,0,101,281
416,60,-97,0,114,122
417,-85,75,0,113,318
418,53,-101,0,114,118
419,-93,64,0,112,325
420,-101,-29,0,105,17
421,-63,85,0,105,306
422,89,57,0,105,212
423,6,-105,0,105,94
424,-99,37,0,105,339
425,-104,22,0,106,348
426,-48,103,0,113,294
427,-60,-99,0,115,59
428,106,-7,0,106,177
429,113,10,0,113,185
430,-6,-106,0,106,87
431,76,-73,0,105,137
432,-102,29,0,106,344
433,80,83,0,115,226
434,109,35,0,114,197
435,-44,-97,0,106,66
436,27,102,0,105,255
437,-28,-107,0,110,76
438,19,113,0,114,260
439,42,-96,0,104,114
440,-25,-113,0,115,78
441,20,-116,0,117,100
442,16,117,0,118,262
443,106,-7,0,106,177
444,106,-7,0,106,177
445,26,112,0,114,256
446,65,-98,0,117,124
447,104,-50,0,115,155
448,50,-106,0,117,116
449,-67,93,0,114,305
450,-29,-114,0,117,76
451,100,-44,0,109,157
452,-105,-64,0,122,32
453,103,-34,0,108,162
454,-44,-108,0,116,68
455,24,107,0,109,257
456,-86,-82,0,118,44
457,-99,-68,0,120,35
458,-21,113,0,114,280
459,-29,114,0,117,284
460,-103,-51,0,114,27
461,-86,90,0,124,313
462,95,-64,0,114,147
463,-91,-66,0,112,36
464,-62,90,0,109,304
465,55,100,0,114,241
466,112,-29,0,115,166
467,-116,3,0,116,358
468,-78,-91,0,119,50
469,113,15,0,113,187
470,121,-18,0,122,172
471,62,-110,0,126,120
472,105,46,0,114,203
473,93,-83,0,124,139
474,39,-109,0,115,110
475,-65,98,0,117,303
476,-23,-114,0,116,79
477,124,-16,0,125,173
478,116,-6,0,116,178
479,107,-42,0,114,159
480,-37,109,0,115,288
481,-96,-87,0,129,43
482,36,121,0,126,253
483,-72,-91,0,116,52
484,-118,23,0,120,348
485,111,62,0,127,209
486,12,126,0,126,264
487,-9,-126,0,126,86
488,-91,70,0,114,322
489,-95,-65,0,115,35
490,-78,-99,0,126,52
491,-123,40,0,129,341
492,-123,-37,0,128,17
493,-108,-47,0,117,24
494,-48,-105,0,115,66
495,126,27,0,128,192
496,113,-60,0,127,153
497,-118,51,0,128,336
498,48,110,0,120,246
499,-128,-2,0,128,1
500,-95,-65,0,115,35
501,-116,57,0,129,333
502,117,12,0,117,185
503,93,-83,0,124,139
504,-114,35,0,119,342
505,-60,-97,0,114,59
506,117,5,0,117,182
507,-34,125,0,129,285
508,-83,89,0,121,313
509,-115,24,0,117,348
510,-19,-121,0,122,82
511,123,20,0,124,189
512,8,130,0,130,266
513,-88,-91,0,126,46
514,79,107,0,133,233
515,127,-14,0,127,174
516,-88,92,0,127,313
517,-45,122,0,130,290
518,-14,-129,0,129,84
519,80,99,0,127,231
520,-5,129,0,129,272
521,-113,-75,0,135,34
522,-25,117,0,119,282
523,98,-84,0,129,140
524,-94,89,0,129,316
525,-40,114,0,120,289
526,-136,3,0,136,358
527,33,123,0,127,254
528,-102,-83,0,131,40
529,-111,-60,0,126,29
530,125,17,0,126,187
531,-122,42,0,129,341
532,-91,89,0,127,315
533,120,-44,0,127,160
534,-132,23,0,133,350
535,-5,127,0,127,272
536,-31,-130,0,133,77
537,-137,9,0,137,356
538,-126,-44,0,133,20
539,-136,20,0,137,351
540,127,-45,0,134,161
541,118,-46,0,126,159
542,-80,111,0,136,305
543,-134,-5,0,134,3
544,-117,-61,0,131,28
545,119,-52,0,129,157
546,110,-64,0,127,150
547,17,127,0,128,262
548,-128,-46,0,136,20
549,10,-130,0,130,95
550,5,-142,0,142,93
551,-10,128,0,128,274
552,12,141,0,141,265
553,-34,135,0,139,284
554,-15,126,0,126,276
555,-10,-129,0,129,86
556,-62,123,0,137,296
557,-138,12,0,138,355
558,16,142,0,142,263
559,10,-127,0,127,95
560,129,25,0,131,190
561,-129,4,0,129,358
562,138,40,0,143,196
563,-125,58,0,137,335
564,-53,-117,0,128,66
565,-18,-126,0,127,82
566,22,128,0,129,260
567,-126,-68,0,143,29
568,-14,-139,0,139,85
569,99,83,0,129,219
570,-136,-43,0,142,18
571,126,67,0,142,208
572,144,-5,0,144,179
573,-141,25,0,143,349
574,3,-133,0,133,92
575,-98,-83,0,128,41
576,90,112,0,143,231
577,5,133,0,133,267
578,21,133,0,134,261
579,140,35,0,144,194
580,107,-98,0,145,138
581,-28,140,0,142,281
582,-26,136,0,138,280
583,-112,70,0,132,327
584,-130,19,0,131,351
585,116,82,0,142,215
586,-112,-79,0,137,36
587,-91,-111,0,143,51
588,-106,91,0,139,319
589,-123,-74,0,143,32
590,123,68,0,140,208
591,-75,121,0,142,301
592,102,100,0,142,224
593,-47,138,0,145,288
594,-9,-147,0,147,87
595,-140,1,0,140,359
596,-50,124,0,133,291
597,25,-132,0,134,101
598,-75,119,0,140,302
599,51,-139,0,148,111
600,-9,-134,0,134,87
601,70,131,0,148,241
602,-4,147,0,147,271
603,128,-57,0,140,156
604,103,-101,0,144,136
605,144,-12,0,144,176
606,89,120,0,149,233
607,125,-71,0,143,151
608,3,136,0,136,268
609,-100,-98,0,140,45
610,-89,118,0,147,307
611,103,-106,0,147,135
612,-68,-126,0,143,62
613,34,-141,0,145,104
614,-142,7,0,142,357
615,-115,-98,0,151,41
616,129,-58,0,141,156
617,-120,84,0,146,325
618,30,143,0,146,258
619,43,140,0,146,252
620,140,12,0,140,184
621,-153,36,0,157,346
622,137,50,0,145,200
623,-25,-141,0,143,80
624,45,-140,0,147,108
625,-3,145,0,145,271
626,95,-107,0,143,132
627,-63,-139,0,152,66
628,100,-101,0,142,135
629,135,-77,0,155,151
630,46,-136,0,143,109
631,-109,-94,0,143,41
632,116,-83,0,142,145
633,-156,20,0,157,352
634,148,-43,0,154,164
635,-1,143,0,143,270
636,-73,124,0,143,300
637,13,143,0,143,264
638,-51,151,0,159,288
639,-157,11,0,157,355
640,-29,158,0,160,280
641,42,-137,0,143,108
642,-156,-14,0,156,6
643,-5,160,0,160,271
644,9,-144,0,144,94
645,87,-128,0,154,125
646,113,-112,0,159,136
647,-38,156,0,160,283
648,140,-70,0,156,154
649,-58,149,0,159,291
650,-82,-141,0,163,60
651,-75,-126,0,146,60
652,147,54,0,156,200
653,-108,101,0,147,316
654,-149,-9,0,149,4
655,143,-48,0,150,162
656,83,119,0,145,235
657,48,135,0,143,250
658,72,146,0,162,243
659,-16,-150,0,150,84
660,114,92,0,146,218
661,110,121,0,163,227
662,-72,139,0,156,297
663,136,56,0,147,202
664,154,-37,0,158,167
665,91,137,0,164,236
666,106,112,0,154,226
667,-15,155,0,155,275
668,68,-146,0,161,115
669,47,-150,0,157,108
670,147,-17,0,147,174
671,-146,-17,0,146,7
672,-128,74,0,147,329
673,-123,89,0,151,324
674,141,67,0,156,205
675,145,-31,0,148,168
676,2,-151,0,151,91
677,37,148,0,152,255
678,143,-42,0,149,164
679,43,146,0,152,253
680,-112,-116,0,161,47
681,-160,-43,0,165,16
682,72,-145,0,161,117
683,120,-91,0,150,143
684,-68,-150,0,164,66
685,137,-56,0,148,158
686,163,-25,0,164,172
687,-71,136,0,153,297
688,27,150,0,152,259
689,132,-90,0,159,146
690,-96,137,0,167,305
691,158,-19,0,159,174
692,-27,-151,0,153,80
693,-123,111,0,165,317
694,-154,41,0,159,345
695,-49,-151,0,158,73
696,149,-72,0,165,155
697,100,131,0,164,232
698,-166,-4,0,166,2
699,-162,-20,0,163,8
700,-151,79,0,170,332
701,-38,-149,0,153,76
702,-152,64,0,164,337
703,-42,163,0,168,284
704,-65,157,0,169,292
705,129,95,0,160,216
706,-135,101,0,168,323
707,47,-164,0,170,106
708,162,14,0,162,184
709,62,-159,0,170,112
710,-141,-70,0,157,27
711,12,164,0,164,265
712,42,159,0,164,255
713,154,37,0,158,193
714,147,76,0,165,207
715,111,112,0,157,225
716,1,-171,0,171,91
717,114,109,0,157,223
718,94,-137,0,166,125
719,-128,104,0,164,320
720,-149,60,0,160,338
721,108,136,0,173,231
722,-57,-167,0,176,72
723,-155,-38,0,159,14
724,-159,-9,0,159,4
725,151,55,0,160,200
726,-158,27,0,160,350
727,-85,-151,0,173,61
728,-125,101,0,160,321
729,134,-96,0,164,145
730,97,142,0,171,235
731,-160,-8,0,160,3
732,-13,-173,0,173,86
733,162,-48,0,168,164
734,-157,45,0,163,344
735,-98,130,0,162,307
736,152,-53,0,160,161
737,-154,-85,0,175,29
738,103,-135,0,169,128
739,-49,-167,0,174,74
740,117,-113,0,162,136
741,179,18,0,179,185
742,153,-52,0,161,162
743,79,-145,0,165,119
744,27,-164,0,166,100
745,-32,170,0,172,280
746,127,117,0,172,222
747,144,102,0,176,215
748,-178,27,0,180,351
749,130,-96,0,161,144
750,-155,-85,0,176,29
751,169,-68,0,182,159
752,-181,6,0,181,358
753,-55,-154,0,163,71
754,-101,-146,0,177,56
755,-150,84,0,171,330
756,17,-173,0,173,96
757,17,-166,0,166,96
758,-161,-62,0,172,22
759,175,11,0,175,183
760,-31,161,0,163,280
761,37,-160,0,164,104
762,-128,-113,0,170,42
763,2,-165,0,165,91
764,-22,-166,0,167,83
765,116,-129,0,173,132
766,-179,12,0,179,356
767,-165,-29,0,167,10
768,-163,-62,0,174,21
769,51,159,0,166,252
770,-101,151,0,181,303
771,-140,-112,0,179,39
772,-125,-109,0,165,42
773,-76,167,0,183,294
774,-128,136,0,186,313
775,-171,-30,0,173,10
776,83,-165,0,184,117
777,-103,153,0,184,303
778,-61,-154,0,165,69
779,-74,159,0,175,294
780,-37,181,0,184,281
781,-157,-96,0,184,32
782,-133,127,0,183,316
783,-160,73,0,175,335
784,134,-130,0,186,136
785,138,114,0,178,219
786,-176,44,0,181,345
787,-84,-156,0,177,62
788,120,-133,0,179,133
789,12,-188,0,188,94
790,-80,-172,0,189,66
791,-153,106,0,186,325
792,-153,-70,0,168,25
793,-46,-183,0,188,76
794,-29,172,0,174,279
795,170,23,0,171,187
796,-167,-70,0,181,23
797,123,129,0,178,226
798,41,-180,0,184,103
799,-152,108,0,186,324
800,168,-45,0,173,166
801,101,160,0,189,237
802,121,148,0,191,230
803,-36,173,0,176,281
804,-171,19,0,172,353
805,-140,-132,0,192,44
806,108,-136,0,173,129
807,-113,136,0,176,309
808,130,138,0,189,226
809,170,-19,0,171,174
810,-91,-164,0,187,61
811,-76,-172,0,188,67
812,-130,-117,0,174,42
813,-171,79,0,188,335
814,-8,-182,0,182,88
815,149,-90,0,174,149
816,-69,160,0,174,293
817,132,133,0,187,225
818,-69,-178,0,190,69
819,86,-168,0,188,118
820,-33,177,0,180,280
821,193,15,0,193,184
822,-138,124,0,185,318
823,-191,-36,0,194,11
824,141,132,0,193,223
825,-63,166,0,177,290
826,-2,-182,0,182,90
827,183,1,0,183,180
828,-113,-158,0,194,55
829,-170,-99,0,196,31
830,20,179,0,180,263
831,-16,176,0,176,275
832,193,-29,0,195,172
833,-28,-175,0,177,81
834,89,155,0,178,240
835,139,135,0,193,224
836,41,-171,0,175,104
837,-162,-101,0,190,32
838,-18,176,0,176,275
839,-24,178,0,179,277
840,203,-7,0,203,179
841,169,-107,0,200,148
842,-69,-169,0,182,68
843,87,163,0,184,241
844,190,44,0,195,193
845,-137,-129,0,188,44
846,-178,56,0,186,342
847,-157,122,0,198,322
848,182,-87,0,201,155
849,43,-187,0,191,103
850,95,169,0,193,240
851,148,116,0,188,218
852,178,-96,0,202,152
853,-187,-29,0,189,9
854,137,140,0,195,225
855,-121,-152,0,194,52
856,-159,-99,0,187,32
857,-179,-55,0,187,18
858,-182,72,0,195,338
859,113,-168,0,202,124
860,68,-191,0,202,110
861,91,-183,0,204,117
862,189,-41,0,193,168
863,127,130,0,181,225
864,176,-86,0,195,154
865,-97,179,0,203,298
866,92,-183,0,204,117
867,189,63,0,199,198
868,190,-69,0,202,161
869,-56,196,0,203,285
870,167,101,0,195,211
871,59,-190,0,198,108
872,42,188,0,192,257
873,-187,-19,0,187,6
874,34,-201,0,203,100
875,-185,52,0,192,344
876,55,-192,0,199,106
877,-178,-47,0,184,15
878,-37,197,0,200,280
879,-177,78,0,193,336
880,-81,183,0,200,293
881,17,208,0,208,265
882,-65,179,0,190,289
883,-179,53,0,186,343
884,-189,-14,0,189,5
885,189,-11,0,189,177
886,-149,-129,0,197,41
887,1,205,0,205,269
888,189,-3,0,189,180
889,-37,204,0,207,280
890,138,-132,0,190,137
891,-93,176,0,199,297
892,18,207,0,207,265
893,181,-58,0,190,163
894,-127,-167,0,209,53
895,-59,-202,0,210,74
896,48,-201,0,206,104
897,-135,139,0,193,314
898,-76,-194,0,208,69
899,106,-160,0,191,124
900,-75,-190,0,204,69
901,17,-201,0,201,95
902,3,199,0,199,269
903,-37,-206,0,209,80
904,38,191,0,194,258
905,-10,193,0,193,272
906,-66,180,0,191,290
907,137,158,0,209,229
908,130,-140,0,191,133
909,108,177,0,207,238
910,-176,-96,0,200,29
911,-100,165,0,192,301
912,37,189,0,192,258
913,-60,187,0,196,287
914,-32,205,0,207,278
915,-176,-114,0,209,33
916,-45,190,0,195,283
917,-55,188,0,195,286
918,129,147,0,195,228
919,74,199,0,212,249
920,-25,-197,0,198,83
921,45,-202,0,206,103
922,215,18,0,215,184
923,13,-196,0,196,94
924,-206,-64,0,215,18
925,206,49,0,211,193
926,72,181,0,194,248
927,47,190,0,195,256
928,77,196,0,210,248
929,209,43,0,213,191
930,216,21,0,217,185
931,-46,-194,0,199,77
932,-209,59,0,217,344
933,-135,-153,0,204,49
934,-116,-167,0,203,56
935,-47,-195,0,200,77
936,-200,-16,0,200,5
937,-133,-148,0,198,49
938,-217,18,0,217,355
939,53,188,0,195,254
940,-189,-70,0,201,21
941,192,-69,0,204,161
942,208,-46,0,213,168
943,135,142,0,195,226
944,144,141,0,201,224
945,187,-115,0,219,149
946,122,163,0,203,233
947,209,-40,0,212,170
948,-196,103,0,221,332
949,138,-152,0,205,133
950,-18,208,0,208,274
951,-167,147,0,222,318
952,-198,-61,0,207,18
953,-205,-79,0,219,22
954,172,-141,0,222,141
955,201,-85,0,218,158
956,100,186,0,211,241
957,149,138,0,203,222
958,161,114,0,197,215
959,112,167,0,201,236
960,-130,-168,0,212,53
961,141,-150,0,205,134
962,-164,152,0,223,317
963,-132,158,0,205,309
964,212,-67,0,222,163
965,-175,-102,0,202,31
966,-189,121,0,224,327
967,-220,-2,0,220,1
968,-196,-62,0,205,18
969,181,93,0,203,207
970,204,-20,0,204,175
971,-182,111,0,213,328
972,203,27,0,204,187
973,200,-62,0,209,163
974,187,-81,0,203,157
975,-200,-31,0,202,9
976,204,29,0,206,188
977,208,-4,0,208,179
978,-97,-194,0,216,64
979,172,129,0,215,216
980,-203,37,0,206,349
981,25,213,0,214,263
982,-187,98,0,211,332
983,184,-94,0,206,153
984,-222,15,0,222,356
985,-95,201,0,222,295
986,222,19,0,222,184
987,-40,225,0,228,280
988,-204,24,0,205,353
989,108,-178,0,208,122
990,205,86,0,222,202
991,-159,-145,0,215,43
992,-202,52,0,208,345
993,-40,-227,0,230,81
994,202,-103,0,226,153
995,167,-122,0,206,144
996,-157,135,0,207,319
997,-167,119,0,205,324
998,130,-178,0,220,127
999,2,234,0,234,269
1000,209,69,0,220,198
1001,119,-179,0,214,124
1002,4,226,0,226,268
1003,133,-187,0,229,126
1004,-5,-226,0,226,89
1005,201,95,0,222,205
1006,-159,144,0,214,317
1007,-46,218,0,222,281
1008,144,160,0,215,228
1009,-77,-217,0,230,71
1010,-97,210,0,231,294
1011,127,-170,0,212,127
1012,37,-217,0,220,100
1013,-11,-232,0,232,88
1014,-9,211,0,211,272
1015,-108,-205,0,231,63
1016,-210,-64,0,219,17
1017,54,230,0,236,256
1018,-21,221,0,221,275
1019,-46,-223,0,227,79
1020,107,-206,0,232,118
1021,220,36,0,222,189
1022,39,-231,0,234,100
1023,-118,-207,0,238,61
1024,145,185,0,235,231
1025,-139,-193,0,237,55
1026,121,204,0,237,239
1027,127,195,0,232,236
1028,43,-213,0,217,102
1029,137,196,0,239,235
1030,156,182,0,239,229
1031,-149,-187,0,239,52
1032,-99,-192,0,216,63
1033,-91,-220,0,238,68
1034,73,212,0,224,250
1035,213,71,0,224,198
1036,-29,214,0,215,277
1037,-53,206,0,212,284
1038,194,135,0,236,214
1039,17,-217,0,217,95
1040,166,-156,0,227,137
1041,-156,-152,0,217,45
1042,78,211,0,224,249
1043,-222,32,0,224,351
1044,216,100,0,238,204
1045,-176,148,0,229,319
1046,176,155,0,234,221
1047,-182,-147,0,233,39
1048,182,147,0,233,218
1049,-60,-207,0,215,74
1050,125,187,0,224,236
1051,241,37,0,243,188
1052,-122,-187,0,223,57
1053,-232,-67,0,241,17
1054,-182,-143,0,231,39
1055,-190,129,0,229,325
1056,216,55,0,222,194
1057,-122,-188,0,224,58
1058,231,68,0,240,196
1059,171,-153,0,229,139
1060,239,-39,0,242,171
1061,-242,31,0,243,352
1062,-213,75,0,225,340
1063,245,-19,0,245,176
1064,-134,-174,0,219,53
1065,224,8,0,224,182
1066,-237,5,0,237,358
1067,-165,-176,0,241,47
1068,238,31,0,240,187
1069,-213,-117,0,243,29
1070,-41,233,0,236,279
1071,-229,84,0,243,339
1072,230,53,0,236,192
1073,239,-44,0,243,170
1074,176,143,0,226,219
1075,221,34,0,223,188
1076,-246,-25,0,247,6
1077,89,222,0,239,248
1078,-181,-137,0,227,38
1079,-238,65,0,246,344
1080,-213,83,0,228,338
1081,117,-202,0,233,121
1082,-25,-238,0,239,85
1083,230,-78,0,242,162
1084,211,-117,0,241,151
1085,-203,-134,0,243,34
1086,-93,214,0,233,293
1087,-227,-48,0,232,12
1088,21,-233,0,233,96
1089,212,75,0,224,199
1090,-217,75,0,229,340
1091,-214,127,0,248,329
1092,-77,-229,0,241,72
1093,224,39,0,227,189
1094,190,-162,0,249,140
1095,182,-170,0,249,137
1096,225,38,0,228,189
1097,-234,-19,0,234,5
1098,-225,32,0,227,351
1099,224,51,0,229,192
1100,184,-161,0,244,139
1101,246,17,0,246,183
1102,196,-145,0,243,144
1103,-202,113,0,231,330
1104,-231,-24,0,232,6
1105,-164,189,0,250,310
1106,-209,122,0,242,329
1107,-247,-7,0,247,2
1108,222,-77,0,234,161
1109,-189,156,0,245,320
1110,-113,223,0,249,296
1111,117,-222,0,250,118
1112,-127,217,0,251,300
1113,218,112,0,245,207
1114,116,-200,0,231,121
1115,-232,4,0,232,359
1116,-131,215,0,251,301
1117,216,-86,0,232,159
1118,241,-59,0,248,167
1119,246,-40,0,249,171
1120,-218,84,0,233,338
1121,208,-106,0,233,153
1122,160,-197,0,253,130
1123,185,158,0,243,220
1124,93,-231,0,249,112
1125,-166,166,0,234,315
1126,206,-111,0,234,152
1127,-184,150,0,237,320
1128,-93,238,0,255,291
1129,181,-148,0,233,141
1130,124,-211,0,244,121
1131,-197,130,0,236,326
1132,247,-30,0,248,174
1133,-18,253,0,253,274
1134,183,-175,0,253,137
1135,-11,257,0,257,272
1136,-177,157,0,236,318
1137,179,-154,0,236,140
1138,-74,238,0,249,287
1139,-25,252,0,253,275
1140,-107,220,0,244,295
1141,72,-238,0,248,107
1142,-180,155,0,237,319
1143,45,-254,0,257,101
1144,92,-228,0,245,112
1145,112,-222,0,248,117
1146,33,255,0,257,262
1147,-176,182,0,253,314
1148,-154,182,0,238,310
1149,163,-174,0,238,134
1150,-77,-244,0,255,73
1151,248,-22,0,248,175
1152,36,257,0,259,262
1153,-2,-241,0,241,90
1154,46,-240,0,244,101
1155,-124,224,0,256,298
1156,-4,-252,0,252,90
1157,-120,227,0,256,297
1158,-86,221,0,237,291
1159,63,254,0,261,256
1160,-105,-234,0,256,66
1161,-37,257,0,259,278
1162,-118,-231,0,259,63
1163,-31,-249,0,250,83
1164,-109,-231,0,255,65
1165,-77,-229,0,241,72
1166,-66,-235,0,244,75
1167,152,214,0,262,234
1168,66,-234,0,243,106
1169,-11,246,0,246,272
1170,-34,-246,0,248,83
1171,-157,-211,0,263,54
1172,47,259,0,263,259
1173,12,-243,0,243,93
1174,-135,-204,0,244,57
1175,0,-237,0,237,90
1176,-110,-242,0,265,66
1177,-140,-219,0,259,58
1178,-12,246,0,246,272
1179,-2,-247,0,247,90
1180,-42,-243,0,246,81
1181,-152,206,0,256,306
1182,-17,260,0,260,273
1183,-101,-247,0,266,68
1184,201,174,0,265,220
1185,-249,-3,0,249,1
1186,-220,-115,0,248,28
1187,-26,-261,0,262,85
1188,-128,-238,0,270,62
1189,-221,-110,0,246,27
1190,103,245,0,265,247
1191,68,256,0,264,255
1192,92,231,0,248,248
1193,210,170,0,270,218
1194,6,240,0,240,268
1195,93,231,0,249,248
1196,50,263,0,267,259
1197,217,147,0,262,214
1198,-235,-86,0,250,21
1199,148,206,0,253,234
1200,87,251,0,265,250
1201,-258,-82,0,270,18
1202,-134,-213,0,251,58
1203,206,135,0,246,213
1204,-147,-203,0,250,55
1205,-256,-87,0,270,19
1206,130,216,0,252,238
1207,-249,-99,0,267,22
1208,-8,263,0,263,271
1209,130,211,0,247,238
1210,-219,-122,0,250,30
1211,-174,-174,0,246,45
1212,-254,-76,0,265,17
1213,-267,-37,0,269,8
1214,219,-130,0,254,150
1215,251,-24,0,252,175
1216,218,141,0,259,212
1217,-273,-10,0,273,3
1218,237,115,0,263,205
1219,-180,-177,0,252,45
1220,-274,-2,0,274,1
1221,261,52,0,266,191
1222,249,14,0,249,183
1223,-224,-160,0,275,36
1224,-268,-18,0,268,4
1225,238,102,0,258,203
1226,-250,29,0,251,353
1227,-268,-78,0,279,17
1228,-246,-94,0,263,21
1229,-277,-37,0,279,8
1230,-130,-237,0,270,62
1231,255,53,0,260,191
1232,230,99,0,250,203
1233,-202,156,0,255,322
1234,-280,47,0,283,350
1235,-219,-163,0,273,37
1236,-132,-239,0,273,62
1237,-193,-191,0,271,45
1238,-214,-170,0,273,39
1239,37,-260,0,262,99
1240,-227,-113,0,253,27
1241,243,-80,0,255,162
1242,255,39,0,257,188
1243,277,-58,0,283,169
1244,-144,214,0,257,303
1245,252,7,0,252,181
1246,250,35,0,252,187
1247,252,41,0,255,189
1248,-256,-43,0,259,10
1249,282,-14,0,282,178
1250,256,-122,0,283,155
1251,257,7,0,257,181
1252,-256,115,0,280,335
1253,-68,252,0,261,285
1254,250,-44,0,253,171
1255,251,-35,0,253,173
1256,276,-78,0,286,165
1257,246,-150,0,288,149
1258,-181,-206,0,274,49
1259,-250,128,0,280,332
1260,-191,-198,0,275,47
1261,-253,16,0,253,356
1262,-187,-202,0,275,48
1263,283,23,0,283,184
1264,-237,147,0,278,328
1265,-262,15,0,262,356
1266,-152,-231,0,276,57
1267,-227,118,0,255,332
1268,-274,90,0,288,341
1269,-172,-211,0,272,51
1270,197,-212,0,289,133
1271,-226,124,0,257,331
1272,-230,151,0,275,326
1273,10,266,0,266,267
1274,-254,-109,0,276,24
1275,0,266,0,266,270
1276,-281,-32,0,282,7
1277,197,-204,0,283,134
1278,-215,175,0,277,320
1279,88,254,0,268,250
1280,248,125,0,277,206
1281,216,-180,0,281,141
1282,-173,226,0,284,307
1283,-256,43,0,259,350
1284,187,-179,0,258,137
1285,-246,102,0,266,337
1286,-216,197,0,292,317
1287,209,-180,0,275,140
1288,185,-227,0,292,130
1289,220,-194,0,293,139
1290,171,212,0,272,231
1291,-117,269,0,293,293
1292,196,-212,0,288,133
1293,-220,157,0,270,324
1294,-100,271,0,288,290
1295,-127,264,0,292,295
1296,119,-271,0,295,114
1297,-221,-167,0,277,38
1298,-134,260,0,292,297
1299,-213,165,0,269,322
1300,271,-108,0,291,159
1301,140,-222,0,262,123
1302,-175,241,0,297,305
1303,161,-225,0,276,126
1304,-169,199,0,261,310
1305,177,207,0,272,229
1306,110,-267,0,288,113
1307,168,-201,0,261,130
1308,-129,253,0,283,297
1309,-285,44,0,288,351
1310,40,-299,0,301,98
1311,169,-245,0,297,125
1312,128,-263,0,292,116
1313,138,-262,0,296,118
1314,84,-250,0,263,109
1315,-176,197,0,264,311
1316,260,-135,0,292,153
1317,71,260,0,269,254
1318,110,-245,0,268,115
1319,164,-206,0,263,129
1320,-123,275,0,301,294
1321,-288,-6,0,288,2
1322,6,302,0,302,268
1323,192,-225,0,295,131
1324,45,270,0,273,260
1325,38,265,0,267,261
1326,-19,-269,0,269,86
1327,-109,283,0,303,291
1328,147,-226,0,269,124
1329,57,-262,0,268,103
1330,122,-245,0,273,117
1331,45,298,0,301,261
1332,-276,98,0,292,340
1333,14,304,0,304,267
1334,27,-287,0,288,96
1335,0,293,0,293,270
1336,24,-286,0,287,95
1337,108,-247,0,269,114
1338,9,-271,0,271,92
1339,265,100,0,283,200
1340,-28,282,0,283,275
1341,-201,216,0,295,312
1342,16,269,0,269,266
1343,-217,200,0,295,317
1344,13,293,0,293,267
1345,108,-283,0,302,111
1346,38,290,0,292,262
1347,-287,9,0,287,358
1348,17,-307,0,307,94
1349,92,293,0,307,252
1350,218,-202,0,297,138
1351,174,-247,0,302,126
1352,-92,-259,0,274,71
1353,264,102,0,283,201
1354,28,287,0,288,264
1355,-21,273,0,273,274
1356,-27,273,0,274,275
1357,-230,182,0,293,321
1358,-270,112,0,292,337
1359,-37,305,0,307,276
1360,24,-308,0,308,95
1361,-250,-135,0,284,29
1362,-156,-265,0,307,60
1363,248,-164,0,297,147
1364,100,296,0,312,251
1365,1,-279,0,279,91
1366,-37,-283,0,285,83
1367,283,-72,0,292,166
1368,159,263,0,307,238
1369,154,272,0,312,240
1370,99,261,0,279,249
1371,73,268,0,277,254
1372,-232,186,0,297,321
1373,-169,-249,0,300,56
1374,57,308,0,313,259
1375,126,269,0,297,244
1376,-99,-261,0,279,70
1377,-40,-273,0,275,82
1378,155,261,0,303,239
1379,199,233,0,306,229
1380,284,48,0,288,189
1381,179,-244,0,302,127
1382,-206,-230,0,308,49
1383,133,252,0,284,242
1384,283,-71,0,291,166
1385,-159,259,0,303,301
1386,206,193,0,282,223
1387,-175,248,0,303,305
1388,110,261,0,283,247
1389,81,304,0,314,255
1390,187,231,0,297,231
1391,169,269,0,317,237
1392,-230,-166,0,283,36
1393,-186,-259,0,318,55
1394,279,72,0,288,194
1395,281,65,0,288,193
1396,-143,-245,0,283,60
1397,-286,-37,0,288,8
1398,-235,-198,0,307,41
1399,-146,-243,0,283,60
1400,272,96,0,288,199
1401,-273,-90,0,287,19
1402,266,179,0,320,213
1403,-228,-201,0,303,42
1404,-262,-182,0,319,35
1405,244,210,0,321,220
1406,-278,-153,0,317,29
1407,-253,-174,0,307,35
1408,256,134,0,288,207
1409,192,221,0,292,229
1410,303,93,0,316,197
1411,-301,-98,0,316,19
1412,-288,50,0,292,350
1413,282,153,0,320,208
1414,-63,-305,0,311,79
1415,-231,-189,0,298,40
1416,252,-158,0,297,148
1417,263,182,0,319,214
1418,-299,-106,0,317,20
1419,192,259,0,322,233
1420,-230,-181,0,292,39
1421,-267,-149,0,305,30
1422,279,131,0,308,205
1423,284,153,0,322,208
1424,-300,-128,0,326,24
1425,243,170,0,296,214
1426,-284,87,0,297,342
1427,307,108,0,325,199
1428,298,131,0,325,203
1429,267,184,0,324,214
1430,281,113,0,302,201
1431,-92,295,0,309,287
1432,-290,31,0,291,353
1433,126,-280,0,307,115
1434,320,39,0,322,186
1435,211,243,0,321,229
1436,-292,9,0,292,358
1437,-314,-89,0,326,16
1438,-141,273,0,307,297
1439,-253,-149,0,293,31
1440,-109,-299,0,318,70
1441,289,50,0,293,189
1442,287,96,0,302,198
1443,-18,313,0,313,273
1444,284,104,0,302,200
1445,12,-313,0,313,93
1446,322,7,0,322,181
1447,-284,91,0,298,342
1448,278,83,0,290,196
1449,-136,276,0,307,296
1450,295,30,0,296,185
1451,-292,-48,0,295,10
1452,204,250,0,322,230
1453,326,53,0,330,189
1454,287,-79,0,297,165
1455,313,2,0,313,180
1456,-292,-62,0,298,12
1457,329,-4,0,329,180
1458,298,55,0,303,190
1459,-282,-97,0,298,19
1460,-284,-162,0,326,30
1461,314,-73,0,322,167
1462,-255,161,0,301,327
1463,9,-314,0,314,92
1464,-307,-25,0,308,5
1465,311,-103,0,327,162
1466,301,35,0,303,186
1467,301,14,0,301,182
1468,331,-25,0,331,176
1469,313,4,0,313,180
1470,-314,48,0,317,351
1471,-305,30,0,306,354
1472,306,-114,0,326,160
1473,100,303,0,319,251
1474,-309,106,0,326,341
1475,-331,-15,0,331,3
1476,299,-40,0,301,173
1477,316,-49,0,319,172
1478,306,-31,0,307,175
1479,264,-148,0,302,151
1480,18,-314,0,314,94
1481,-272,-181,0,326,34
1482,-274,132,0,304,334
1483,-282,-166,0,327,31
1484,182,264,0,320,235
1485,308,-108,0,326,161
1486,-276,187,0,333,325
1487,328,-70,0,335,168
1488,325,70,0,332,192
1489,287,-168,0,332,150
1490,-329,-44,0,331,8
1491,173,271,0,321,237
1492,298,-117,0,320,159
1493,304,-81,0,314,166
1494,266,-140,0,300,153
1495,-286,112,0,307,338
1496,265,192,0,327,215
1497,63,-307,0,313,102
1498,59,311,0,316,259
1499,77,-302,0,311,105
1500,294,-165,0,337,151
1501,-284,121,0,308,336
1502,266,-198,0,331,144
1503,-332,-30,0,333,6
1504,288,-126,0,314,157
1505,-232,201,0,306,319
1506,48,-311,0,314,99
1507,-230,248,0,338,312
1508,247,-230,0,337,138
1509,-279,131,0,308,334
1510,-256,170,0,307,326
1511,-261,-196,0,326,37
1512,237,-239,0,336,135
1513,321,-103,0,337,163
1514,-246,229,0,336,317
1515,-279,145,0,314,332
1516,-257,175,0,310,325
1517,331,-62,0,336,170
1518,-250,210,0,326,319
1519,-271,155,0,312,330
1520,139,290,0,321,244
1521,-315,-103,0,331,19
1522,-322,96,0,336,343
1523,-253,-207,0,326,40
1524,193,-276,0,336,125
1525,-213,228,0,312,313
1526,138,-280,0,312,117
1527,-190,278,0,336,304
1528,-258,189,0,319,323
1529,-107,291,0,310,290
1530,-325,104,0,341,342
1531,-221,227,0,316,314
1532,-197,267,0,331,306
1533,11,-317,0,317,92
1534,333,-50,0,336,172
1535,-210,231,0,312,312
1536,-258,222,0,340,319
1537,-229,219,0,316,316
1538,-292,177,0,341,328
1539,-152,262,0,302,300
1540,-133,310,0,337,293
1541,236,226,0,326,223
1542,136,-308,0,336,114
1543,-132,-293,0,321,66
1544,-132,288,0,316,294
1545,-290,-143,0,323,27
1546,326,78,0,335,193
1547,103,-327,0,342,108
1548,-166,-280,0,325,60
1549,115,-291,0,312,112
1550,-35,-318,0,319,84
1551,-179,263,0,318,304
1552,123,-325,0,347,111
1553,125,-314,0,337,112
1554,-81,331,0,340,283
1555,-150,284,0,321,297
1556,267,-217,0,344,141
1557,-266,217,0,343,320
1558,-189,256,0,318,306
1559,-272,-189,0,331,35
1560,-303,-136,0,332,25
1561,-11,-320,0,320,89
1562,-113,301,0,321,290
1563,209,-277,0,347,128
1564,-33,346,0,347,275
1565,-142,290,0,322,296
1566,-140,287,0,319,296
1567,143,-289,0,322,117
1568,-286,186,0,341,326
1569,-127,301,0,326,292
1570,23,-346,0,346,94
1571,-118,303,0,325,291
1572,10,339,0,339,268
1573,107,-301,0,319,110
1574,122,302,0,325,248
1575,-59,327,0,332,280
1576,46,-334,0,337,98
1577,-10,346,0,346,271
1578,-81,311,0,321,284
1579,-108,329,0,346,288
1580,-20,336,0,336,273
1581,172,-303,0,348,120
1582,-199,-259,0,326,53
1583,191,-291,0,348,124
1584,35,320,0,321,263
1585,-75,-314,0,322,77
1586,-18,346,0,346,272
1587,236,-258,0,349,133
1588,2,-339,0,339,91
1589,162,-309,0,348,118
1590,-292,-157,0,331,29
1591,76,340,0,348,257
1592,33,329,0,330,264
1593,-42,-350,0,352,84
1594,-82,-338,0,347,77
1595,-38,-340,0,342,84
1596,-308,-124,0,332,22
1597,315,-134,0,342,157
1598,-67,-347,0,353,80
1599,-22,-340,0,340,87
1600,302,-160,0,341,153
1601,5,331,0,331,269
1602,-70,-335,0,342,79
1603,27,338,0,339,265
1604,57,336,0,340,260
1605,337,26,0,338,184
1606,-113,-307,0,327,70
1607,-104,338,0,353,287
1608,-219,-243,0,327,48
1609,-277,-185,0,333,34
1610,-5,353,0,353,270
1611,-35,-337,0,338,85
1612,28,352,0,353,265
1613,282,176,0,332,211
1614,244,-247,0,347,135
1615,-297,-154,0,334,28
1616,-40,351,0,353,276
1617,36,325,0,326,263
1618,315,114,0,334,199
1619,-94,-347,0,359,75
1620,-76,-331,0,339,78
1621,175,305,0,351,240
1622,-124,-324,0,346,70
1623,278,182,0,332,213
1624,-254,235,0,346,317
1625,-123,330,0,352,290
1626,49,-352,0,355,98
1627,-261,226,0,345,319
1628,117,320,0,340,249
1629,98,344,0,357,254
1630,-33,-358,0,359,85
1631,-192,-301,0,357,58
1632,-309,153,0,344,333
1633,334,51,0,337,188
1634,-156,-305,0,342,63
1635,-72,-350,0,357,79
1636,161,307,0,346,242
1637,-184,-307,0,357,60
1638,-316,-124,0,339,22
1639,-150,-319,0,352,65
1640,344,-12,0,344,179
1641,-16,-357,0,357,88
1642,167,292,0,336,240
1643,-189,-289,0,345,57
1644,-215,-288,0,359,54
1645,-183,-294,0,346,59
1646,212,280,0,351,232
1647,-83,343,0,352,283
1648,-334,-41,0,336,7
1649,288,174,0,336,211
1650,-169,-284,0,330,60
1651,266,-222,0,346,141
1652,-343,-9,0,343,2
1653,266,199,0,332,216
1654,-70,-353,0,359,79
1655,-199,-267,0,333,54
1656,-211,-270,0,342,52
1657,-228,-255,0,342,49
1658,-181,-294,0,345,59
1659,-209,-271,0,342,53
1660,251,281,0,376,228
1661,39,356,0,358,263
1662,122,-331,0,352,111
1663,221,253,0,335,228
1664,201,276,0,341,233
1665,225,251,0,337,228
1666,242,274,0,365,228
1667,-209,-259,0,332,52
1668,-259,-219,0,339,41
1669,264,-219,0,343,141
1670,-275,-193,0,335,36
1671,-256,-233,0,346,43
1672,-264,-208,0,336,39
1673,251,-239,0,346,137
1674,-274,-215,0,348,39
1675,-335,-4,0,335,1
1676,307,137,0,336,204
1677,293,238,0,377,219
1678,282,210,0,351,216
1679,-271,-202,0,338,37
1680,331,150,0,363,204
1681,273,197,0,336,215
1682,204,302,0,364,235
1683,-332,-69,0,339,12
1684,335,69,0,342,191
1685,289,202,0,352,214
1686,-302,-208,0,366,35
1687,-153,317,0,351,295
1688,-332,78,0,341,346
1689,-200,-305,0,364,57
1690,-269,-253,0,369,44
1691,-281,-187,0,337,34
1692,276,203,0,342,216
1693,-255,250,0,357,315
1694,-307,-151,0,342,27
1695,-177,-318,0,363,61
1696,307,204,0,368,213
1697,125,-338,0,360,111
1698,261,260,0,368,224
1699,-345,6,0,345,359
1700,342,-6,0,342,179
1701,345,137,0,371,201
1702,15,358,0,358,267
1703,232,298,0,377,232
1704,318,138,0,346,203
1705,324,107,0,341,198
1706,-218,-296,0,367,54
1707,-300,-164,0,341,29
1708,-335,64,0,341,349
1709,-191,302,0,357,302
1710,-340,-153,0,372,25
1711,-322,-111,0,340,20
1712,-339,1,0,339,359
1713,156,-321,0,356,116
1714,4,360,0,360,269
1715,-340,-153,0,372,25
1716,-337,77,0,345,347
1717,-172,307,0,351,299
1718,278,-216,0,352,143
1719,-283,200,0,346,324
1720,-327,-179,0,372,29
1721,316,-145,0,347,156
1722,275,-208,0,344,143
1723,347,141,0,374,202
1724,-324,-184,0,372,30
1725,336,83,0,346,193
1726,366,84,0,375,192
1727,198,314,0,371,237
1728,336,83,0,346,193
1729,363,56,0,367,188
1730,150,332,0,364,245
1731,339,71,0,346,191
1732,-342,-53,0,346,9
1733,-346,-146,0,375,23
1734,-353,-129,0,375,21
1735,345,-57,0,349,171
1736,172,324,0,366,242
1737,-357,-47,0,360,8
1738,357,26,0,357,184
1739,-41,355,0,357,276
1740,359,12,0,359,181
1741,-145,-335,0,365,67
1742,344,-46,0,347,173
1743,163,-313,0,352,118
1744,-345,29,0,346,355
1745,-375,4,0,375,359
1746,-359,-8,0,359,2
1747,378,-18,0,378,178
1748,274,249,0,370,222
1749,262,263,0,371,225
1750,364,-99,0,377,165
1751,360,-20,0,360,177
1752,360,-20,0,360,177
1753,-339,70,0,346,348
1754,-360,56,0,364,351
1755,341,-63,0,346,170
1756,361,-114,0,378,163
1757,-367,67,0,373,349
1758,345,-29,0,346,176
1759,-359,63,0,364,350
1760,352,-138,0,378,159
1761,-362,98,0,375,344
1762,-214,287,0,358,306
1763,327,-135,0,353,158
1764,316,-172,0,359,152
1765,-381,-32,0,382,5
1766,-62,352,0,357,279
1767,-348,53,0,352,351
1768,279,245,0,371,221
1769,378,51,0,381,187
1770,-331,119,0,351,340
1771,-351,148,0,380,337
1772,44,-356,0,358,98
1773,124,343,0,364,250
1774,381,38,0,382,185
1775,347,-86,0,357,167
1776,338,-123,0,359,161
1777,-269,-255,0,370,44
1778,-335,109,0,352,341
1779,-337,154,0,370,335
1780,-244,253,0,351,313
1781,346,-145,0,375,158
1782,-332,186,0,380,330
1783,377,68,0,383,190
1784,314,-211,0,378,147
1785,-349,117,0,368,341
1786,327,-133,0,353,158
1787,-382,47,0,384,352
1788,337,-122,0,358,161
1789,359,-155,0,391,157
1790,345,-183,0,390,153
1791,272,255,0,372,223
1792,359,-156,0,391,157
1793,-332,134,0,358,338
1794,-136,332,0,358,292
1795,-267,231,0,353,319
1796,345,-169,0,384,154
1797,253,-245,0,352,136
1798,101,350,0,364,253
1799,135,-332,0,358,113
1800,-375,96,0,387,345
1801,-103,343,0,358,286
1802,100,-344,0,358,107
1803,-324,222,0,392,325
1804,-301,204,0,363,325
1805,-281,241,0,370,319
1806,-356,-129,0,378,20
1807,262,263,0,371,225
1808,-32,359,0,360,275
1809,-328,202,0,385,328
1810,374,82,0,382,192
1811,-262,274,0,379,313
1812,258,-249,0,358,137
1813,-278,225,0,357,321
1814,-202,296,0,358,304
1815,170,-315,0,357,119
1816,193,-301,0,357,123
1817,286,-255,0,383,139
1818,-349,180,0,392,332
1819,180,-309,0,357,121
1820,-254,260,0,363,314
1821,-252,264,0,364,313
1822,-259,247,0,357,316
1823,223,-321,0,390,125
1824,-243,-282,0,372,50
1825,294,-236,0,377,142
1826,-328,219,0,394,326
1827,235,-271,0,358,131
1828,-242,-282,0,371,50
1829,-381,89,0,391,346
1830,381,-91,0,391,167
1831,-376,-82,0,384,13
1832,13,360,0,360,267
1833,351,-182,0,395,153
1834,-234,279,0,364,309
1835,345,155,0,378,204
1836,-373,122,0,392,341
1837,318,-264,0,413,141
1838,-363,153,0,393,337
1839,-263,294,0,394,311
1840,-204,341,0,397,300
1841,-205,347,0,403,300
1842,-384,70,0,390,349
1843,-194,328,0,381,300
1844,-173,315,0,359,298
1845,213,-290,0,359,127
1846,-282,-250,0,376,42
1847,381,-91,0,391,167
1848,203,-297,0,359,125
1849,26,-365,0,365,95
1850,105,-348,0,363,107
1851,370,-142,0,396,160
1852,-285,285,0,403,315
1853,-184,335,0,382,298
1854,254,275,0,374,227
1855,-344,-157,0,378,25
1856,259,270,0,374,226
1857,155,-347,0,380,115
1858,-241,-284,0,372,50
1859,-206,325,0,384,302
1860,257,-313,0,404,130
1861,-161,329,0,366,296
1862,-299,268,0,401,318
1863,-304,263,0,401,319
1864,307,-262,0,403,140
1865,196,-312,0,368,123
1866,-137,339,0,365,292
1867,144,-352,0,380,113
1868,-125,342,0,364,290
1869,-173,342,0,383,296
1870,-92,353,0,364,284
1871,111,-350,0,367,108
1872,226,-337,0,405,124
1873,294,-277,0,403,137
1874,228,298,0,375,232
1875,-36,364,0,365,275
1876,-55,396,0,399,277
1877,153,-375,0,405,113
1878,-162,349,0,384,294
1879,45,-362,0,364,98
1880,-64,373,0,378,279
1881,42,365,0,367,263
1882,-351,-159,0,385,25
1883,-235,330,0,405,305
1884,253,-316,0,404,129
1885,93,-359,0,370,105
1886,344,164,0,381,205
1887,-221,-301,0,373,54
1888,100,-358,0,371,106
1889,86,-361,0,371,104
1890,-34,-369,0,370,85
1891,-239,336,0,412,305
1892,-325,-210,0,386,33
1893,-324,240,0,403,323
1894,281,-293,0,405,134
1895,40,-389,0,391,96
1896,-324,240,0,403,323
1897,-389,56,0,393,351
1898,52,-389,0,392,98
1899,299,-273,0,404,138
1900,-358,-135,0,382,21
1901,-11,-405,0,405,89
1902,83,-410,0,418,102
1903,33,-392,0,393,95
1904,226,299,0,374,232
1905,-37,410,0,411,275
1906,-64,413,0,417,278
1907,-391,34,0,392,355
1908,129,-391,0,411,109
1909,69,-392,0,398,100
1910,49,-416,0,418,97
1911,8,-390,0,390,92
1912,391,-4,0,391,180
1913,22,418,0,418,266
1914,-387,81,0,395,348
1915,-108,404,0,418,284
1916,392,-40,0,394,175
1917,230,294,0,373,231
1918,17,-383,0,383,93
1919,-18,-379,0,379,88
1920,-71,-384,0,390,80
1921,-19,-394,0,394,88
1922,-8,-419,0,419,89
1923,-269,321,0,418,309
1924,55,374,0,378,261
1925,89,368,0,378,256
1926,-39,-413,0,414,85
1927,17,406,0,406,267
1928,61,375,0,379,260
1929,37,404,0,405,264
1930,-199,365,0,415,298
1931,-16,421,0,421,272
1932,-83,-382,0,390,78
1933,-94,-402,0,412,77
1934,352,-193,0,401,152
1935,191,-372,0,418,118
1936,115,403,0,419,254
1937,-36,-417,0,418,86
1938,-217,-308,0,376,55
1939,-105,-361,0,375,74
1940,331,-234,0,405,145
1941,128,369,0,390,250
1942,55,382,0,385,261
1943,-189,-327,0,377,60
1944,275,260,0,378,223
1945,257,277,0,377,227
1946,144,347,0,375,247
1947,50,416,0,418,263
1948,391,29,0,392,184
1949,-266,-269,0,378,46
1950,-146,393,0,419,290
1951,228,-347,0,415,124
1952,393,-13,0,393,179
1953,-198,359,0,409,298
1954,-356,-150,0,386,23
1955,-101,-371,0,384,75
1956,-290,-245,0,379,41
1957,105,418,0,430,255
1958,309,221,0,379,215
1959,116,403,0,419,253
1960,171,342,0,382,243
1961,226,347,0,414,236
1962,392,-54,0,395,173
1963,22,423,0,423,267
1964,-177,-364,0,404,65
1965,320,-250,0,406,143
1966,-236,-339,0,413,56
1967,-290,-247,0,380,41
1968,140,-395,0,419,110
1969,-220,-311,0,380,55
1970,256,350,0,433,233
1971,-231,-368,0,434,58
1972,-196,-389,0,435,64
1973,153,-390,0,418,112
1974,-152,-354,0,385,67
1975,232,304,0,382,232
1976,-253,-353,0,434,55
1977,-196,-339,0,391,60
1978,-235,-328,0,403,55
1979,-80,422,0,429,280
1980,280,303,0,412,227
1981,-6,430,0,430,270
1982,-225,363,0,427,301
1983,-231,-307,0,384,54
1984,-280,-294,0,406,47
1985,-28,-433,0,433,87
1986,-392,-8,0,392,2
1987,207,349,0,405,239
1988,-311,-227,0,385,37
1989,225,354,0,419,237
1990,243,310,0,393,231
1991,-297,-318,0,435,47
1992,-279,-289,0,401,47
1993,-284,-308,0,418,48
1994,-368,-118,0,386,18
1995,86,425,0,433,258
1996,280,284,0,398,225
1997,-247,-338,0,418,54
1998,-375,-97,0,387,15
1999,9,-429,0,429,92
2000,390,49,0,393,187
2001,273,300,0,405,227
2002,58,430,0,433,262
2003,285,308,0,419,227
2004,375,-142,0,400,160
2005,23,433,0,433,266
2006,-299,-293,0,418,45
2007,285,308,0,419,227
2008,-298,-255,0,392,41
2009,-168,384,0,419,293
2010,-336,-318,0,462,44
2011,-308,-283,0,418,43
2012,101,421,0,432,256
2013,-355,195,0,405,331
2014,396,-7,0,396,179
2015,326,237,0,403,216
2016,340,270,0,434,218
2017,-115,-417,0,432,75
2018,-372,-218,0,431,31
2019,-348,208,0,405,329
2020,170,-383,0,419,114
2021,349,-206,0,405,150
2022,-366,-195,0,414,29
2023,-387,-252,0,461,34
2024,241,-341,0,417,126
2025,331,257,0,419,217
2026,376,113,0,392,196
2027,-344,-208,0,401,32
2028,-372,-225,0,434,32
2029,101,422,0,433,256
2030,392,13,0,392,181
2031,348,186,0,394,208
2032,390,190,0,433,205
2033,-324,-225,0,394,35
2034,-44,-432,0,434,85
2035,356,189,0,403,207
2036,-399,-214,0,452,29
2037,367,-170,0,404,156
2038,-393,-226,0,453,30
2039,316,326,0,454,225
2040,361,162,0,395,204
2041,344,-231,0,414,147
2042,342,298,0,453,221
2043,372,134,0,395,199
2044,374,126,0,394,198
2045,-178,379,0,418,295
2046,-348,-190,0,396,29
2047,-388,-74,0,394,11
2048,381,174,0,418,204
2049,419,168,0,451,201
2050,-420,-104,0,432,14
2051,-432,-139,0,453,18
2052,375,-151,0,404,159
2053,-443,-133,0,462,17
2054,13,434,0,434,268
2055,413,136,0,434,198
2056,394,179,0,432,204
2057,414,184,0,453,203
2058,-372,-193,0,419,28
2059,155,-400,0,428,112
2060,-400,-50,0,403,8
2061,382,139,0,406,199
2062,-397,73,0,403,349
2063,387,161,0,419,202
2064,-390,103,0,403,345
2065,365,266,0,451,216
2066,430,145,0,453,198
2067,-396,-80,0,404,12
2068,373,253,0,450,214
2069,-19,434,0,434,272
2070,-383,-134,0,405,20
2071,397,83,0,405,191
2072,-360,-268,0,448,37
2073,-18,-434,0,434,88
2074,-392,-105,0,405,15
2075,-416,-171,0,449,23
2076,-371,-249,0,446,34
2077,-261,326,0,417,308
2078,-312,-314,0,442,46
2079,413,58,0,417,187
2080,375,243,0,446,212
2081,-431,-126,0,449,17
2082,402,115,0,418,195
2083,-395,-100,0,407,15
2084,-466,-109,0,478,14
2085,-453,-31,0,454,4
2086,-226,-393,0,453,61
2087,-405,-8,0,405,2
2088,-308,-330,0,451,47
2089,-404,22,0,404,356
2090,-418,-28,0,418,4
2091,-48,-430,0,432,84
2092,419,13,0,419,181
2093,-383,135,0,406,340
2094,277,-313,0,417,132
2095,-418,-6,0,418,1
2096,-472,-52,0,474,7
2097,-433,-190,0,472,24
2098,-291,-346,0,452,50
2099,405,41,0,407,185
2100,-218,-398,0,453,62
2101,-449,54,0,452,353
2102,-458,-106,0,470,14
2103,-403,49,0,405,353
2104,453,144,0,475,197
2105,-434,-7,0,434,1
2106,460,124,0,476,195
2107,432,-40,0,433,175
2108,446,167,0,476,200
2109,444,52,0,447,186
2110,432,22,0,432,182
2111,-19,445,0,445,272
2112,-454,-143,0,475,18
2113,-401,70,0,407,350
2114,459,136,0,478,196
2115,-433,-7,0,433,1
2116,-474,39,0,475,355
2117,-230,350,0,418,303
2118,470,70,0,475,188
2119,-226,-394,0,454,61
2120,446,-80,0,453,170
2121,306,325,0,446,226
2122,-475,29,0,475,356
2123,311,-280,0,418,139
2124,-430,50,0,432,353
2125,413,-124,0,431,164
2126,408,-96,0,419,167
2127,375,-183,0,417,154
2128,20,433,0,433,267
2129,-418,19,0,418,357
2130,443,-55,0,446,173
2131,-210,-402,0,453,63
2132,380,-177,0,419,156
2133,411,-79,0,418,170
2134,-410,145,0,434,340
2135,-467,88,0,475,349
2136,-435,130,0,454,343
2137,-392,147,0,418,339
2138,-259,-371,0,452,56
2139,475,-9,0,475,179
2140,-467,78,0,473,350
2141,-410,84,0,418,348
2142,216,399,0,453,241
2143,-473,6,0,473,359
2144,473,9,0,473,181
2145,354,-224,0,418,148
2146,-473,14,0,473,358
2147,309,-282,0,418,138
2148,304,-288,0,418,137
2149,289,341,0,446,229
2150,-467,67,0,471,351
2151,428,208,0,475,205
2152,435,193,0,475,203
2153,-407,94,0,417,346
2154,-31,429,0,430,274
2155,442,-175,0,475,159
2156,245,-340,0,419,126
2157,-401,210,0,452,332
2158,-338,-298,0,450,42
2159,468,-46,0,470,175
2160,-343,240,0,418,325
2161,-368,199,0,418,331
2162,383,-205,0,434,152
2163,-407,-246,0,475,32
2164,-485,109,0,497,347
2165,-53,431,0,434,277
2166,222,405,0,461,241
2167,454,126,0,471,195
2168,-376,185,0,419,333
2169,14,433,0,433,268
2170,-462,-106,0,474,13
2171,-441,-176,0,474,22
2172,-340,270,0,434,321
2173,-375,210,0,429,330
2174,392,-227,0,452,150
2175,375,-218,0,433,150
2176,-451,117,0,465,345
2177,-388,191,0,432,333
2178,417,-226,0,474,152
2179,-442,231,0,498,332
2180,-98,423,0,434,283
2181,-424,262,0,498,328
2182,-359,243,0,433,325
2183,368,-265,0,453,145
2184,376,-253,0,453,147
2185,-225,378,0,439,300
2186,381,-203,0,431,152
2187,-303,311,0,434,314
2188,438,-238,0,498,152
2189,419,-212,0,469,154
2190,-214,377,0,433,299
2191,413,-280,0,498,146
2192,-331,280,0,433,319
2193,-202,378,0,428,298
2194,-354,318,0,475,318
2195,-59,430,0,434,277
2196,-370,259,0,451,325
2197,-392,266,0,473,325
2198,261,-348,0,435,127
2199,-285,322,0,430,311
2200,-389,-271,0,474,35
2201,329,-356,0,484,133
2202,-499,4,0,499,359
2203,-311,303,0,434,315
2204,-365,303,0,474,320
2205,-311,303,0,434,315
2206,284,-352,0,452,129
2207,199,-387,0,435,118
2208,346,-290,0,451,141
2209,-437,-185,0,474,23
2210,384,-263,0,465,146
2211,462,-188,0,498,158
2212,327,-312,0,451,137
2213,-185,393,0,434,295
2214,170,-400,0,434,114
2215,-38,431,0,432,275
2216,-327,283,0,432,319
2217,400,257,0,475,212
2218,332,-368,0,495,133
2219,442,-231,0,498,153
2220,487,-110,0,499,168
2221,305,-333,0,451,133
2222,-271,389,0,474,304
2223,310,-359,0,474,131
2224,-356,350,0,499,315
2225,-196,-411,0,455,65
2226,420,-268,0,498,148
2227,-134,-432,0,452,73
2228,-282,327,0,431,310
2229,283,-327,0,432,131
2230,-384,317,0,497,320
2231,-59,432,0,436,277
2232,389,-266,0,471,146
2233,-349,356,0,498,314
2234,-246,356,0,432,304
2235,472,-162,0,499,162
2236,-194,-408,0,451,65
2237,-189,389,0,432,295
2238,-252,377,0,453,303
2239,-294,337,0,447,311
2240,265,-361,0,447,127
2241,-498,43,0,499,355
2242,-175,419,0,454,292
2243,-96,421,0,431,282
2244,-273,388,0,474,305
2245,-216,398,0,452,298
2246,-424,247,0,490,329
2247,-121,433,0,449,285
2248,441,168,0,471,200
2249,112,437,0,451,255
2250,-240,378,0,447,302
2251,-144,430,0,453,288
2252,488,-105,0,499,168
2253,-480,134,0,498,344
2254,47,447,0,449,263
2255,-312,388,0,497,308
2256,-489,98,0,498,348
2257,-416,-231,0,475,30
2258,-414,321,0,523,322
2259,-297,401,0,499,306
2260,-208,399,0,449,297
2261,-480,133,0,498,344
2262,21,-453,0,453,93
2263,-232,441,0,498,297
2264,-202,403,0,450,296
2265,301,-429,0,524,126
2266,-80,447,0,454,280
2267,-493,79,0,499,350
2268,-93,-445,0,454,79
2269,158,-473,0,498,109
2270,175,-468,0,499,111
2271,-183,464,0,498,291
2272,-198,486,0,524,292
2273,-216,477,0,523,294
2274,-233,440,0,497,297
2275,-170,494,0,522,288
2276,4,454,0,454,269
2277,-170,494,0,522,288
2278,414,231,0,474,209
2279,-419,-225,0,475,29
2280,-190,461,0,498,292
2281,-496,-43,0,497,5
2282,-161,498,0,523,287
2283,-180,429,0,465,292
2284,16,-441,0,441,93
2285,150,427,0,452,250
2286,176,-494,0,524,110
2287,497,-49,0,499,175
2288,-241,467,0,525,297
2289,243,-465,0,524,118
2290,-346,-320,0,471,43
2291,498,-39,0,499,176
2292,-88,516,0,523,279
2293,-133,451,0,470,286
2294,412,237,0,475,209
2295,-330,409,0,525,308
2296,355,313,0,473,221
2297,70,448,0,453,261
2298,-137,506,0,524,285
2299,433,-210,0,481,155
2300,198,-488,0,526,113
2301,274,-449,0,526,122
2302,66,-445,0,449,99
2303,195,404,0,448,244
2304,78,-468,0,474,100
2305,-154,-424,0,451,71
2306,-177,495,0,525,289
2307,-490,94,0,498,349
2308,73,-494,0,499,99
2309,421,-311,0,523,144
2310,170,405,0,439,247
2311,-11,499,0,499,271
2312,310,356,0,472,228
2313,59,-522,0,525,97
2314,-426,303,0,522,324
2315,26,475,0,475,266
2316,-30,523,0,523,273
2317,75,-520,0,525,99
2318,-421,-210,0,470,27
2319,13,498,0,498,268
2320,-3,-524,0,524,90
2321,-15,-499,0,499,89
2322,43,-524,0,525,95
2323,-65,-445,0,449,82
2324,418,224,0,474,208
2325,-312,424,0,526,306
2326,-100,-464,0,474,78
2327,154,-504,0,527,107
2328,344,327,0,474,223
2329,-78,-440,0,446,80
2330,369,300,0,475,219
2331,-14,526,0,526,271
2332,-108,516,0,527,281
2333,-437,287,0,522,326
2334,8,525,0,525,269
2335,9,-499,0,499,92
2336,-15,498,0,498,271
2337,-141,-454,0,475,73
2338,496,-53,0,498,174
2339,-41,493,0,494,274
2340,-90,519,0,526,279
2341,316,356,0,476,228
2342,-337,405,0,526,309
2343,-343,-330,0,475,44
2344,-52,-471,0,473,84
2345,50,523,0,525,264
2346,-159,-448,0,475,71
2347,406,-330,0,523,141
2348,316,356,0,476,228
2349,176,-493,0,523,110
2350,-439,283,0,522,327
2351,21,551,0,551,267
2352,-395,-263,0,474,34
2353,245,407,0,475,238
2354,361,310,0,475,220
2355,133,507,0,524,255
2356,-3,-527,0,527,90
2357,67,463,0,467,261
2358,-307,-364,0,476,50
2359,307,363,0,475,229
2360,394,263,0,473,213
2361,-83,-491,0,497,81
2362,39,552,0,553,265
2363,424,-309,0,524,144
2364,-452,272,0,527,328
2365,201,455,0,497,246
2366,-84,-491,0,498,81
2367,-20,553,0,553,272
2368,186,488,0,522,249
2369,-374,370,0,526,315
2370,183,437,0,473,247
2371,-143,-449,0,471,73
2372,188,489,0,523,248
2373,440,-283,0,523,148
2374,-490,-83,0,496,10
2375,166,471,0,499,250
2376,116,-540,0,552,103
2377,485,57,0,488,186
2378,6,555,0,555,269
2379,-499,5,0,499,359
2380,-99,544,0,552,280
2381,-214,-422,0,473,64
2382,-153,-475,0,499,73
2383,-228,-472,0,524,65
2384,-499,25,0,499,357
2385,492,-78,0,498,171
2386,-95,-547,0,555,81
2387,-330,-342,0,475,47
2388,450,-265,0,522,150
2389,476,-222,0,525,155
2390,-265,-392,0,473,56
2391,251,460,0,524,241
2392,189,460,0,497,247
2393,-321,-348,0,473,48
2394,-289,434,0,521,303
2395,244,465,0,525,242
2396,194,459,0,498,247
2397,272,388,0,473,234
2398,420,-315,0,525,144
2399,122,542,0,555,257
2400,260,456,0,524,240
2401,376,284,0,471,217
2402,-229,-443,0,498,63
2403,142,539,0,557,255
2404,152,-531,0,552,106
2405,97,-545,0,553,101
2406,328,-412,0,526,129
2407,115,-543,0,555,102
2408,-421,314,0,525,323
2409,443,-278,0,523,148
2410,-310,-457,0,552,56
2411,409,-330,0,525,142
2412,209,517,0,557,247
2413,502,3,0,502,180
2414,-268,-486,0,554,62
2415,236,437,0,496,241
2416,383,-361,0,526,137
2417,277,447,0,525,238
2418,-367,-286,0,465,38
2419,284,442,0,525,237
2420,29,-558,0,558,93
2421,-352,-424,0,551,51
2422,409,283,0,497,214
2423,-204,513,0,552,291
2424,-440,-234,0,498,29
2425,-435,-243,0,498,30
2426,-298,-468,0,554,58
2427,-307,-427,0,525,55
2428,487,107,0,498,192
2429,-485,-116,0,498,14
2430,-199,-526,0,562,70
2431,274,447,0,524,238
2432,52,559,0,561,264
2433,430,253,0,498,210
2434,-380,-357,0,521,44
2435,-373,-407,0,552,48
2436,219,-506,0,551,114
2437,-419,-270,0,498,33
2438,16,-560,0,560,92
2439,371,334,0,499,221
2440,425,-308,0,524,145
2441,480,138,0,499,196
2442,452,-262,0,522,150
2443,399,341,0,524,220
2444,378,-367,0,526,136
2445,-437,291,0,525,326
2446,-499,-11,0,499,2
2447,-277,-401,0,487,56
2448,239,508,0,561,244
2449,-303,-418,0,516,55
2450,54,-557,0,559,96
2451,-424,-355,0,552,40
2452,-276,-516,0,585,62
2453,125,-542,0,556,103
2454,-413,-369,0,553,42
2455,117,-545,0,557,103
2456,84,-553,0,559,99
2457,4,-562,0,562,91
2458,-486,-113,0,498,14
2459,-363,-424,0,558,50
2460,339,-402,0,525,131
2461,496,-41,0,497,176
2462,-124,543,0,556,282
2463,-486,86,0,493,349
2464,363,464,0,589,231
2465,164,-530,0,554,108
2466,320,461,0,561,235
2467,440,-284,0,523,148
2468,-103,-551,0,560,80
2469,-436,-342,0,554,39
2470,-470,228,0,522,334
2471,335,440,0,553,232
2472,389,404,0,560,226
2473,444,280,0,524,212
2474,363,465,0,589,232
2475,-386,353,0,523,317
2476,-423,-405,0,585,44
2477,-269,-527,0,591,63
2478,452,266,0,524,210
2479,498,25,0,498,182
2480,-375,370,0,526,315
2481,494,-4,0,494,180
2482,-309,-500,0,587,59
2483,-385,-410,0,562,47
2484,-472,-160,0,498,19
2485,501,35,0,502,183
2486,326,490,0,588,236
2487,-466,-242,0,525,28
2488,-449,-273,0,525,32
2489,-429,251,0,497,329
2490,-320,-496,0,590,58
2491,469,-233,0,523,154
2492,444,386,0,588,221
2493,-122,-520,0,534,77
2494,419,333,0,535,218
2495,495,55,0,498,186
2496,243,534,0,586,245
2497,490,-58,0,493,174
2498,-445,-206,0,490,25
2499,488,192,0,524,201
2500,270,524,0,589,242
2501,495,311,0,584,212
2502,-486,192,0,522,338
2503,515,198,0,551,201
2504,496,-163,0,522,162
2505,510,216,0,553,202
2506,198,-515,0,551,112
2507,435,401,0,591,222
2508,498,248,0,556,206
2509,445,-278,0,524,149
2510,-339,-487,0,593,56
2511,481,-33,0,482,177
2512,-161,532,0,555,286
2513,487,-189,0,522,159
2514,511,295,0,590,209
2515,-234,-540,0,588,67
2516,-137,-522,0,539,76
2517,-444,271,0,520,328
2518,-532,-245,0,585,25
2519,-520,-58,0,523,7
2520,-502,-253,0,562,27
2521,-389,-452,0,596,50
2522,-473,226,0,524,334
2523,225,542,0,586,247
2524,494,263,0,559,208
2525,-244,-537,0,589,66
2526,-233,-540,0,588,67
2527,-496,-324,0,592,34
2528,543,228,0,588,202
2529,-423,-421,0,596,45
2530,249,489,0,548,243
2531,-348,394,0,525,311
2532,421,426,0,598,225
2533,-497,-172,0,525,20
2534,487,-195,0,524,159
2535,484,28,0,484,183
2536,44,-560,0,561,95
2537,524,40,0,525,184
2538,-513,-120,0,526,14
2539,-547,-220,0,589,22
2540,-389,-456,0,599,50
2541,-251,491,0,551,297
2542,493,340,0,598,214
2543,-519,-93,0,527,11
2544,504,324,0,599,212
2545,-197,518,0,554,290
2546,-420,-427,0,598,46
2547,-537,-165,0,561,18
2548,-548,-91,0,555,10
2549,547,99,0,555,190
2550,-261,-528,0,588,64
2551,-39,-555,0,556,86
2552,280,524,0,594,241
2553,437,412,0,600,223
2554,575,129,0,589,192
2555,385,461,0,600,230
2556,552,17,0,552,181
2557,435,-299,0,527,146
2558,-387,-460,0,601,50
2559,463,-251,0,526,152
2560,231,-500,0,550,115
2561,140,-540,0,557,105
2562,-441,-410,0,602,43
2563,497,-158,0,521,163
2564,-203,514,0,552,291
2565,-555,-27,0,555,3
2566,-539,-270,0,602,27
2567,562,213,0,601,200
2568,-515,-319,0,605,32
2569,527,16,0,527,181
2570,-276,-521,0,589,63
2571,-495,180,0,526,340
2572,-422,-430,0,602,46
2573,520,-85,0,526,171
2574,530,291,0,604,208
2575,-541,-270,0,604,27
2576,-498,170,0,526,341
2577,-586,13,0,586,358
2578,-387,356,0,525,317
2579,556,234,0,603,202
2580,577,181,0,604,197
2581,-319,451,0,552,305
2582,-590,-6,0,590,1
2583,518,-95,0,526,170
2584,518,-95,0,526,170
2585,-201,-553,0,588,71
2586,-242,-540,0,591,66
2587,-433,-421,0,603,45
2588,-573,-189,0,603,19
2589,-387,-459,0,600,50
2590,-596,-48,0,597,5
2591,-505,151,0,527,343
2592,-562,-2,0,562,1
2593,-559,35,0,560,356
2594,-581,-228,0,624,22
2595,582,229,0,625,201
2596,518,-91,0,525,171
2597,597,80,0,602,187
2598,-328,-500,0,597,57
2599,-260,-533,0,593,64
2600,-549,96,0,557,350
2601,352,484,0,598,233
2602,-564,-120,0,576,13
2603,547,-107,0,557,169
2604,-596,-99,0,604,10
2605,-591,-115,0,602,12
2606,-594,-203,0,627,19
2607,599,61,0,602,185
2608,559,-46,0,560,176
2609,-579,-239,0,626,23
2610,431,-296,0,522,146
2611,-627,-38,0,628,4
2612,-400,-453,0,604,49
2613,-603,-19,0,603,2
2614,-559,60,0,562,353
2615,555,-185,0,585,162
2616,628,9,0,628,180
2617,-97,552,0,560,279
2618,397,453,0,602,228
2619,600,37,0,601,183
2620,386,-392,0,550,135
2621,-587,-222,0,627,21
2622,187,557,0,587,251
2623,360,483,0,602,233
2624,-631,-2,0,631,1
2625,578,-129,0,592,168
2626,604,175,0,628,196
2627,-598,50,0,600,355
2628,589,222,0,629,200
2629,-166,530,0,555,287
2630,632,-1,0,632,180
2631,505,-234,0,556,156
2632,170,-530,0,556,108
2633,522,-201,0,559,159
2634,-182,-559,0,587,72
2635,558,-194,0,590,161
2636,-631,20,0,631,358
2637,-592,-233,0,636,22
2638,-272,-533,0,598,63
2639,-610,138,0,625,347
2640,627,-80,0,632,173
2641,-548,222,0,591,337
2642,581,241,0,629,202
2643,629,-60,0,631,175
2644,-345,433,0,553,308
2645,285,523,0,595,241
2646,-618,-136,0,632,13
2647,393,-389,0,552,136
2648,0,-560,0,560,90
2649,-621,-127,0,633,12
2650,462,-313,0,558,146
2651,-486,325,0,584,326
2652,-554,215,0,594,338
2653,373,-410,0,554,133
2654,74,-557,0,561,98
2655,594,213,0,631,199
2656,-287,-521,0,594,62
2657,-418,365,0,554,318
2658,644,-53,0,646,176
2659,-456,320,0,557,324
2660,489,-326,0,587,147
2661,602,195,0,632,197
2662,632,86,0,637,187
2663,524,-277,0,592,153
2664,596,-207,0,630,161
2665,-254,452,0,518,299
2666,-178,529,0,558,288
2667,-534,260,0,593,334
2668,539,-252,0,595,155
2669,638,-45,0,639,176
2670,591,-227,0,633,159
2671,632,-95,0,639,172
2672,-527,281,0,597,331
2673,440,-347,0,560,142
2674,614,166,0,636,195
2675,-360,426,0,557,310
2676,562,-281,0,628,154
2677,-100,553,0,561,280
2678,505,-312,0,593,149
2679,-292,-522,0,598,61
2680,-523,291,0,598,330
2681,225,-511,0,558,114
2682,311,-463,0,557,124
2683,447,-380,0,586,140
2684,374,474,0,603,231
2685,322,507,0,600,237
2686,377,-413,0,559,133
2687,-613,-178,0,638,17
2688,-275,485,0,557,299
2689,-523,292,0,598,330
2690,644,30,0,644,182
2691,-26,557,0,557,272
2692,395,458,0,604,229
2693,405,442,0,599,227
2694,-387,440,0,585,311
2695,637,-112,0,646,171
2696,-646,20,0,646,358
2697,-505,-285,0,579,30
2698,-563,292,0,634,332
2699,176,519,0,548,251
2700,635,-64,0,638,175
2701,391,460,0,603,229
2702,-227,513,0,560,293
2703,-395,437,0,589,312
2704,-108,-532,0,542,79
2705,524,-353,0,631,147
2706,-339,476,0,584,305
2707,517,-311,0,603,149
2708,-227,513,0,560,293
2709,-555,312,0,636,330
2710,-636,-103,0,644,10
2711,-641,111,0,650,350
2712,-357,434,0,561,309
2713,316,510,0,599,238
2714,487,-402,0,631,141
2715,622,-188,0,649,164
2716,-217,518,0,561,292
2717,627,-167,0,648,166
2718,386,-404,0,558,134
2719,-469,409,0,622,318
2720,639,92,0,645,188
2721,309,-500,0,587,122
2722,642,70,0,645,186
2723,566,276,0,629,205
2724,-582,-248,0,632,24
2725,-646,89,0,652,352
2726,197,-526,0,561,111
2727,646,48,0,647,184
2728,340,-446,0,560,128
2729,-585,281,0,648,334
2730,-288,478,0,558,301
2731,564,278,0,628,206
2732,97,577,0,585,260
2733,-198,-557,0,591,71
2734,-650,-11,0,650,1
2735,-544,347,0,645,327
2736,-109,-576,0,586,80
2737,-17,585,0,585,271
2738,-652,33,0,652,357
2739,374,474,0,603,231
2740,227,-542,0,587,113
2741,-575,307,0,651,331
2742,352,-517,0,625,125
2743,-646,140,0,660,347
2744,-210,-554,0,592,70
2745,-418,435,0,603,313
2746,359,-477,0,597,127
2747,-557,367,0,667,326
2748,-94,548,0,556,279
2749,182,562,0,590,252
2750,481,-432,0,646,139
2751,254,-534,0,591,116
2752,247,-539,0,592,115
2753,-224,-551,0,594,68
2754,347,492,0,602,234
2755,-508,403,0,648,321
2756,-649,-43,0,650,4
2757,-466,483,0,671,313
2758,-609,285,0,672,334
2759,507,-406,0,649,142
2760,-652,-16,0,652,2
2761,-500,452,0,674,317
2762,-621,256,0,671,337
2763,622,160,0,642,194
2764,539,320,0,626,210
2765,545,310,0,626,209
2766,506,-444,0,673,139
2767,-549,-301,0,626,29
2768,550,301,0,626,208
2769,314,512,0,600,238
2770,-573,-266,0,631,25
2771,-436,448,0,625,314
2772,199,560,0,594,250
2773,-422,489,0,645,310
2774,320,508,0,600,237
2775,-408,-443,0,602,48
2776,-305,552,0,630,298
2777,421,-488,0,644,131
2778,265,-569,0,627,115
2779,19,-588,0,588,92
2780,-45,-588,0,589,86
2781,-544,404,0,677,323
2782,-548,-306,0,627,30
2783,-560,-287,0,629,28
2784,-643,194,0,671,343
2785,-466,491,0,676,313
2786,-631,246,0,677,338
2787,637,116,0,647,190
2788,185,-566,0,595,109
2789,613,-285,0,676,156
2790,576,259,0,631,204
2791,527,-425,0,677,142
2792,165,-574,0,597,107
2793,-147,-576,0,594,76
2794,613,-285,0,676,156
2795,364,482,0,604,232
2796,-619,255,0,669,337
2797,362,-536,0,646,125
2798,-648,-58,0,650,6
2799,-325,-506,0,601,58
2800,-510,456,0,684,318
2801,211,-597,0,633,110
2802,240,-627,0,671,111
2803,524,-437,0,682,141
2804,601,-313,0,677,153
2805,-648,173,0,670,345
2806,-564,378,0,678,326
2807,563,279,0,628,206
2808,-374,565,0,677,303
2809,-476,486,0,680,314
2810,-272,-534,0,599,64
2811,-113,590,0,600,280
2812,60,-622,0,624,96
2813,91,-619,0,625,99
2814,-105,-585,0,594,80
2815,-359,-486,0,604,54
2816,-644,192,0,672,343
2817,-267,619,0,674,293
2818,403,-550,0,681,127
2819,-329,562,0,651,300
2820,226,-636,0,674,110
2821,107,-623,0,632,100
2822,-447,517,0,683,310
2823,-439,524,0,683,309
2824,516,353,0,625,214
2825,-127,-583,0,596,78
2826,-507,458,0,683,317
2827,206,561,0,597,249
2828,217,-585,0,623,111
2829,-241,-549,0,599,67
2830,-564,383,0,681,325
2831,-287,-530,0,602,62
2832,-76,627,0,631,276
2833,193,567,0,598,251
2834,527,338,0,626,212
2835,-126,659,0,670,280
2836,-632,218,0,668,340
2837,223,-607,0,646,111
2838,-625,269,0,680,336
2839,236,-606,0,650,112
2840,415,-549,0,688,128
2841,-252,633,0,681,291
2842,-46,602,0,603,274
2843,10,-631,0,631,91
2844,-155,658,0,676,283
2845,23,626,0,626,267
2846,-635,-128,0,647,12
2847,-142,626,0,641,282
2848,-581,-252,0,633,24
2849,649,-178,0,672,165
2850,57,-636,0,638,96
2851,632,-240,0,676,160
2852,120,-633,0,644,101
2853,159,581,0,602,254
2854,-407,-462,0,615,49
2855,-561,-286,0,629,28
2856,163,-631,0,651,105
2857,-100,667,0,674,278
2858,573,274,0,635,205
2859,-100,667,0,674,278
2860,632,-239,0,675,160
2861,-620,-168,0,642,16
2862,13,685,0,685,268
2863,264,-635,0,687,113
2864,-108,639,0,648,279
2865,203,-663,0,693,108
2866,555,299,0,630,208
2867,49,-666,0,667,95
2868,-98,640,0,647,278
2869,378,-583,0,694,123
2870,11,-674,0,674,91
2871,-563,397,0,688,324
2872,-3,641,0,641,270
2873,626,-259,0,677,158
2874,-265,638,0,690,292
2875,-187,-597,0,625,73
2876,-614,-183,0,640,17
2877,513,-465,0,692,138
2878,534,-439,0,691,141
2879,512,360,0,625,215
2880,-83,678,0,683,276
2881,424,-555,0,698,128
2882,382,-583,0,697,124
2883,-234,653,0,693,289
2884,-464,528,0,702,311
2885,284,-637,0,697,115
2886,94,629,0,635,261
2887,-22,647,0,647,271
2888,-72,679,0,682,276
2889,436,447,0,624,225
2890,-580,-257,0,634,24
2891,61,640,0,642,264
2892,62,-682,0,684,96
2893,-310,-543,0,625,61
2894,-192,668,0,695,286
2895,116,628,0,638,259
2896,-114,-626,0,636,80
2897,-95,-661,0,667,82
2898,601,213,0,637,199
2899,201,-667,0,696,107
2900,-167,-651,0,672,76
2901,-155,-655,0,673,77
2902,-415,-470,0,626,49
2903,233,588,0,632,248
2904,-54,661,0,663,274
2905,-535,-334,0,630,32
2906,298,493,0,576,238
2907,188,-674,0,699,106
2908,367,508,0,626,234
2909,528,345,0,630,213
2910,-294,-558,0,630,63
2911,273,570,0,632,244
2912,490,-500,0,700,135
2913,-208,693,0,723,286
2914,522,-460,0,695,139
2915,-562,400,0,689,324
2916,580,-370,0,687,148
2917,-628,-147,0,644,14
2918,-580,370,0,687,327
2919,128,664,0,676,259
2920,-608,-197,0,639,18
2921,548,303,0,626,208
2922,342,530,0,630,237
2923,-10,726,0,726,270
2924,-282,-568,0,634,64
2925,530,-453,0,697,140
2926,-35,725,0,725,272
2927,136,-714,0,726,101
2928,-650,-65,0,653,6
2929,27,-695,0,695,93
2930,485,403,0,630,219
2931,650,-171,0,672,166
2932,417,-573,0,708,127
2933,-1,727,0,727,270
2934,-204,697,0,726,286
2935,-125,-673,0,684,80
2936,271,616,0,672,246
2937,37,692,0,692,266
2938,-610,303,0,681,333
2939,103,678,0,685,261
2940,-257,679,0,726,290
2941,-587,355,0,685,328
2942,-114,-679,0,688,81
2943,-78,-723,0,727,84
2944,-32,-727,0,727,88
2945,226,-691,0,727,109
2946,642,-202,0,673,163
2947,-8,748,0,748,270
2948,113,717,0,725,261
2949,203,619,0,651,251
2950,533,-447,0,695,141
2951,-75,-694,0,698,84
2952,-647,-70,0,650,7
2953,93,689,0,695,262
2954,575,281,0,639,206
2955,-158,-709,0,726,78
2956,441,457,0,635,226
2957,-491,-403,0,635,40
2958,616,-289,0,680,155
2959,170,706,0,726,256
2960,369,563,0,673,236
2961,-651,163,0,671,345
2962,379,555,0,672,235
2963,385,516,0,643,233
2964,169,670,0,690,255
2965,-415,-487,0,639,50
2966,-608,308,0,681,333
2967,-98,-722,0,728,83
2968,-593,340,0,683,330
2969,607,214,0,643,199
2970,257,680,0,726,249
2971,386,553,0,674,235
2972,295,615,0,682,244
2973,325,561,0,648,239
2974,-369,-528,0,644,56
2975,-450,-457,0,641,46
2976,-306,-609,0,681,64
2977,-224,-654,0,691,72
2978,-311,-572,0,651,62
2979,-53,729,0,730,274
2980,-391,-517,0,648,53
2981,329,601,0,685,241
2982,585,-359,0,686,149
2983,234,652,0,692,250
2984,323,601,0,682,241
2985,-527,-365,0,641,35
2986,-511,-386,0,640,38
2987,209,-698,0,728,107
2988,-15,-732,0,732,89
2989,-539,-345,0,639,33
2990,156,-714,0,730,103
2991,627,-256,0,677,158
2992,-287,-630,0,692,66
2993,-525,-369,0,641,36
2994,-25,-733,0,733,89
2995,396,608,0,725,236
2996,621,177,0,645,195
2997,-61,693,0,695,275
2998,-235,-665,0,705,71
2999,-393,-555,0,680,55
3000,867,1235,0,1508,234
3001,-867,-1235,0,1508,55
