n,delta_barnes_hut,delta_energy,s
1000,0.010000,-0.00552,177.663
1000,0.010000,-0.00472,178.712
1000,0.010000,0.00004,178.787
1000,0.010000,-0.00421,177.458
1000,0.010000,-0.00092,180.155
1000,0.010000,0.00107,179.596
1000,0.010000,0.00467,177.501
1000,0.010000,-0.00788,178.067
1000,0.010000,-0.00328,178.684
1000,0.010000,0.00313,176.720
1000,0.010000,0.00189,179.373
1000,0.010000,-0.00058,179.555
1000,0.010000,-0.00264,181.157
1000,0.010000,-0.00337,178.731
1000,0.010000,-0.00648,180.273
1000,0.010000,-0.00103,178.353
1000,0.010000,0.00365,179.131
1000,0.010000,0.00113,179.570
1000,0.010000,0.00416,177.581
1000,0.010000,-0.00495,179.845
1000,0.010000,-0.00159,178.868
1000,0.010000,0.00535,179.149
1000,0.010000,-0.00889,178.947
1000,0.010000,-0.00169,179.829
1000,0.010000,-0.00594,177.822
1000,0.010000,-0.00045,178.565
1000,0.010000,0.00214,178.212
1000,0.010000,-0.00371,178.012
1000,0.010000,0.00180,177.033
1000,0.010000,0.00034,179.423
1000,0.010000,-0.00562,178.168
1000,0.010000,0.00283,178.237
1000,0.010000,-0.00145,179.442
1000,0.010000,-0.00386,179.109
1000,0.010000,-0.00921,177.915
1000,0.010000,-0.00131,178.479
1000,0.010000,0.00169,178.169
1000,0.010000,-0.00141,176.841
1000,0.010000,-0.00496,177.220
1000,0.010000,-0.00123,179.949
1000,0.010000,-0.00209,177.646
1000,0.010000,-0.00062,180.929
1000,0.010000,-0.00673,180.261
1000,0.010000,-0.00154,178.643
1000,0.010000,-0.00168,179.361
1000,0.010000,0.00617,178.210
1000,0.010000,-0.00925,178.475
1000,0.010000,-0.01039,177.278
1000,0.010000,-0.00068,180.188
1000,0.010000,-0.00873,179.177
1000,0.010000,-0.00391,179.521
1000,0.010000,-0.00503,178.007
1000,0.010000,-0.00343,178.063
1000,0.010000,-0.00265,179.481
1000,0.010000,-0.00278,178.325
1000,0.010000,-0.00193,176.910
1000,0.010000,-0.00631,180.168
1000,0.010000,-0.00453,178.181
1000,0.010000,-0.00105,178.536
1000,0.010000,-0.00162,179.483
1000,0.010000,-0.00340,180.208
1000,0.010000,-0.00989,179.838
1000,0.010000,-0.00450,178.628
1000,0.010000,-0.00243,178.985
1000,0.010000,-0.00049,179.135
1000,0.010000,0.00018,178.356
1000,0.010000,0.00056,177.515
1000,0.010000,-0.00537,177.499
1000,0.010000,-0.00300,179.851
1000,0.010000,-0.00296,179.998
1000,0.010000,0.00301,179.744
1000,0.010000,-0.00211,179.716
1000,0.010000,-0.00249,178.914
1000,0.010000,-0.00520,178.474
1000,0.010000,-0.00127,179.665
1000,0.010000,-0.00148,177.492
1000,0.010000,-0.00702,179.335
1000,0.010000,-0.00222,177.941
1000,0.010000,-0.00440,179.510
1000,0.010000,-0.00013,179.958
1000,0.010000,0.00296,178.375
1000,0.010000,-0.00310,180.285
1000,0.010000,0.00695,180.081
1000,0.010000,-0.00275,178.829
1000,0.010000,-0.00057,179.295
1000,0.010000,0.00158,179.211
1000,0.010000,-0.00710,180.549
1000,0.010000,-0.00099,180.134
1000,0.010000,-0.00786,178.365
1000,0.010000,0.00073,179.398
1000,0.010000,-0.00320,179.612
1000,0.010000,-0.00254,178.733
1000,0.010000,-0.00047,180.261
1000,0.010000,-0.00341,179.550
1000,0.010000,0.00110,179.327
1000,0.010000,-0.00517,179.127
1000,0.010000,0.00059,179.992
1000,0.010000,0.00031,179.589
1000,0.010000,0.00062,180.696
1000,0.010000,-0.00764,178.586
1000,0.025000,-0.00245,166.053
1000,0.025000,-0.00404,165.562
1000,0.025000,0.00158,164.147
1000,0.025000,-0.00447,164.680
1000,0.025000,0.00366,165.643
1000,0.025000,0.00165,165.873
1000,0.025000,-0.00225,164.873
1000,0.025000,-0.00911,164.305
1000,0.025000,-0.00578,165.315
1000,0.025000,-0.00526,166.269
1000,0.025000,-0.00596,164.924
1000,0.025000,0.00090,164.130
1000,0.025000,-0.00068,164.645
1000,0.025000,-0.00564,164.729
1000,0.025000,-0.00099,165.127
1000,0.025000,-0.00597,163.984
1000,0.025000,-0.00109,164.689
1000,0.025000,-0.00041,165.165
1000,0.025000,-0.00542,165.868
1000,0.025000,0.00456,165.359
1000,0.025000,-0.00552,165.551
1000,0.025000,-0.00222,165.546
1000,0.025000,-0.00601,165.979
1000,0.025000,-0.00864,164.069
1000,0.025000,0.00136,166.561
1000,0.025000,-0.00188,165.385
1000,0.025000,-0.00158,165.428
1000,0.025000,0.00065,166.419
1000,0.025000,0.00212,165.793
1000,0.025000,-0.00590,165.996
1000,0.025000,-0.00623,166.328
1000,0.025000,-0.00033,164.990
1000,0.025000,0.00067,165.830
1000,0.025000,-0.00523,165.696
1000,0.025000,0.00057,165.277
1000,0.025000,-0.00466,165.204
1000,0.025000,-0.00463,166.153
1000,0.025000,-0.00294,166.152
1000,0.025000,0.00161,165.670
1000,0.025000,-0.00232,164.577
1000,0.025000,-0.00499,165.400
1000,0.025000,-0.00662,165.567
1000,0.025000,-0.00061,166.144
1000,0.025000,-0.00876,164.671
1000,0.025000,0.00124,165.209
1000,0.025000,0.00017,165.948
1000,0.025000,0.00161,164.806
1000,0.025000,-0.00830,164.917
1000,0.025000,-0.00775,164.788
1000,0.025000,0.00565,165.670
1000,0.025000,0.00081,164.884
1000,0.025000,-0.00120,164.415
1000,0.025000,-0.00186,165.281
1000,0.025000,-0.00584,164.300
1000,0.025000,0.00320,165.185
1000,0.025000,-0.00042,165.069
1000,0.025000,-0.00096,165.510
1000,0.025000,-0.00817,165.403
1000,0.025000,0.00069,165.111
1000,0.025000,-0.00125,165.675
1000,0.025000,-0.00320,165.382
1000,0.025000,-0.00320,165.328
1000,0.025000,-0.00378,165.510
1000,0.025000,-0.00091,165.830
1000,0.025000,-0.00980,165.204
1000,0.025000,-0.00231,165.060
1000,0.025000,-0.00397,163.744
1000,0.025000,-0.00540,165.710
1000,0.025000,-0.00054,164.719
1000,0.025000,-0.00054,164.667
1000,0.025000,-0.00481,164.663
1000,0.025000,-0.00057,165.812
1000,0.025000,-0.00096,165.668
1000,0.025000,-0.00376,167.063
1000,0.025000,0.00468,164.192
1000,0.025000,-0.01034,166.512
1000,0.025000,-0.00109,165.680
1000,0.025000,-0.00366,166.860
1000,0.025000,-0.00447,167.194
1000,0.025000,-0.00070,164.413
1000,0.025000,-0.00597,165.908
1000,0.025000,-0.00157,164.850
1000,0.025000,0.00326,165.534
1000,0.025000,0.00453,165.373
1000,0.025000,-0.00184,165.925
1000,0.025000,-0.00238,165.465
1000,0.025000,-0.00135,164.232
1000,0.025000,0.00010,164.349
1000,0.025000,-0.00363,165.419
1000,0.025000,-0.00054,165.469
1000,0.025000,-0.00820,165.788
1000,0.025000,0.00127,164.725
1000,0.025000,0.00142,164.796
1000,0.025000,-0.00662,164.866
1000,0.025000,-0.00037,164.805
1000,0.025000,-0.00328,165.083
1000,0.025000,0.00091,165.717
1000,0.025000,0.00056,164.135
1000,0.025000,-0.00159,163.593
1000,0.025000,-0.00456,163.423
1000,0.050000,-0.00175,152.978
1000,0.050000,-0.00284,151.650
1000,0.050000,-0.00334,151.681
1000,0.050000,0.00027,151.779
1000,0.050000,-0.00208,151.486
1000,0.050000,-0.00184,151.982
1000,0.050000,-0.00606,151.812
1000,0.050000,-0.00355,151.620
1000,0.050000,0.00345,151.930
1000,0.050000,-0.00394,152.291
1000,0.050000,-0.00681,151.565
1000,0.050000,-0.00366,151.496
1000,0.050000,-0.00596,151.446
1000,0.050000,-0.01062,151.209
1000,0.050000,-0.00194,151.955
1000,0.050000,0.00165,151.751
1000,0.050000,-0.00438,152.401
1000,0.050000,0.00145,151.593
1000,0.050000,-0.00040,151.334
1000,0.050000,-0.00174,152.667
1000,0.050000,-0.00376,152.241
1000,0.050000,-0.00289,151.929
1000,0.050000,-0.00426,152.032
1000,0.050000,-0.00045,151.888
1000,0.050000,-0.00662,152.411
1000,0.050000,-0.00950,152.295
1000,0.050000,-0.00382,152.394
1000,0.050000,0.00229,151.517
1000,0.050000,-0.00019,151.319
1000,0.050000,-0.00423,152.066
1000,0.050000,-0.00660,152.521
1000,0.050000,0.00024,152.186
1000,0.050000,-0.00241,151.710
1000,0.050000,-0.00498,152.955
1000,0.050000,0.00430,152.402
1000,0.050000,-0.00012,152.544
1000,0.050000,0.00081,153.155
1000,0.050000,-0.00352,152.736
1000,0.050000,-0.00523,151.055
1000,0.050000,-0.00085,151.296
1000,0.050000,0.00178,153.486
1000,0.050000,-0.00202,152.482
1000,0.050000,0.00065,151.556
1000,0.050000,-0.00288,151.399
1000,0.050000,0.00091,151.815
1000,0.050000,0.00198,153.385
1000,0.050000,-0.00291,152.113
1000,0.050000,-0.00040,151.457
1000,0.050000,0.00148,152.885
1000,0.050000,-0.00527,153.390
1000,0.050000,0.00178,152.219
1000,0.050000,-0.00375,152.522
1000,0.050000,-0.00779,152.062
1000,0.050000,-0.00854,152.350
1000,0.050000,-0.00840,151.919
1000,0.050000,-0.00400,151.719
1000,0.050000,0.00486,151.783
1000,0.050000,-0.00503,151.810
1000,0.050000,-0.00438,152.573
1000,0.050000,-0.00418,152.223
1000,0.050000,-0.00528,151.736
1000,0.050000,0.00119,152.426
1000,0.050000,0.00149,151.755
1000,0.050000,-0.00232,151.787
1000,0.050000,0.00291,151.219
1000,0.050000,-0.00145,151.847
1000,0.050000,-0.00044,152.285
1000,0.050000,-0.00637,152.602
1000,0.050000,-0.00220,152.692
1000,0.050000,0.00100,151.746
1000,0.050000,0.00067,151.569
1000,0.050000,-0.00576,151.528
1000,0.050000,-0.00210,152.288
1000,0.050000,0.00390,152.393
1000,0.050000,-0.00402,152.466
1000,0.050000,-0.00289,151.924
1000,0.050000,0.00474,152.722
1000,0.050000,-0.00469,151.205
1000,0.050000,-0.00234,152.495
1000,0.050000,0.00259,153.032
1000,0.050000,-0.00572,152.532
1000,0.050000,0.00149,150.853
1000,0.050000,-0.00689,151.939
1000,0.050000,0.00091,153.531
1000,0.050000,-0.00413,152.097
1000,0.050000,-0.00056,151.832
1000,0.050000,-0.00352,151.411
1000,0.050000,-0.00069,152.077
1000,0.050000,-0.00315,151.929
1000,0.050000,0.00225,152.153
1000,0.050000,0.00444,151.641
1000,0.050000,0.00200,151.985
1000,0.050000,-0.00408,152.357
1000,0.050000,-0.00183,151.855
1000,0.050000,-0.00118,152.003
1000,0.050000,-0.00361,152.353
1000,0.050000,-0.00510,151.596
1000,0.050000,0.00302,152.593
1000,0.050000,-0.00154,151.861
1000,0.050000,-0.00665,151.733
1000,0.100000,-0.00160,122.729
1000,0.100000,-0.00773,122.218
1000,0.100000,-0.00623,123.060
1000,0.100000,-0.00902,123.123
1000,0.100000,-0.00245,122.103
1000,0.100000,-0.00289,123.001
1000,0.100000,-0.00577,122.438
1000,0.100000,-0.00816,122.331
1000,0.100000,-0.00226,121.896
1000,0.100000,-0.00167,121.335
1000,0.100000,-0.00009,120.674
1000,0.100000,-0.00470,121.133
1000,0.100000,-0.00374,120.544
1000,0.100000,-0.00088,120.665
1000,0.100000,-0.00631,121.442
1000,0.100000,0.00045,120.505
1000,0.100000,0.00036,120.967
1000,0.100000,-0.00677,121.156
1000,0.100000,-0.00440,121.285
1000,0.100000,-0.00665,121.819
1000,0.100000,-0.01007,122.173
1000,0.100000,-0.00485,122.219
1000,0.100000,-0.00407,121.019
1000,0.100000,-0.00247,120.776
1000,0.100000,-0.00613,120.652
1000,0.100000,-0.00629,120.825
1000,0.100000,-0.00214,121.394
1000,0.100000,-0.00622,121.954
1000,0.100000,-0.00247,120.984
1000,0.100000,0.00179,121.952
1000,0.100000,-0.00168,120.657
1000,0.100000,-0.00120,120.533
1000,0.100000,-0.00155,121.554
1000,0.100000,-0.00248,120.654
1000,0.100000,0.00031,121.178
1000,0.100000,-0.00267,121.189
1000,0.100000,-0.00340,121.271
1000,0.100000,0.00116,121.484
1000,0.100000,-0.00270,122.183
1000,0.100000,-0.00532,122.343
1000,0.100000,-0.00265,121.547
1000,0.100000,0.00114,121.395
1000,0.100000,-0.00503,121.108
1000,0.100000,-0.00578,122.238
1000,0.100000,-0.00325,120.437
1000,0.100000,-0.00433,121.728
1000,0.100000,-0.00706,121.973
1000,0.100000,-0.00829,120.578
1000,0.100000,-0.00060,120.299
1000,0.100000,-0.00414,121.055
1000,0.100000,0.00475,121.361
1000,0.100000,-0.00103,120.786
1000,0.100000,-0.00004,121.537
1000,0.100000,-0.00414,121.229
1000,0.100000,-0.00257,120.656
1000,0.100000,-0.00577,121.586
1000,0.100000,-0.00818,122.196
1000,0.100000,-0.00208,122.552
1000,0.100000,-0.00521,122.382
1000,0.100000,-0.00078,121.794
1000,0.100000,-0.00335,121.013
1000,0.100000,-0.00465,121.570
1000,0.100000,-0.00583,122.384
1000,0.100000,-0.00241,121.524
1000,0.100000,-0.00281,120.323
1000,0.100000,-0.00231,119.608
1000,0.100000,0.00253,120.270
1000,0.100000,-0.00377,120.116
1000,0.100000,-0.00868,120.168
1000,0.100000,-0.00273,119.932
1000,0.100000,-0.00251,120.653
1000,0.100000,-0.00536,120.481
1000,0.100000,-0.00036,119.377
1000,0.100000,-0.00358,120.722
1000,0.100000,-0.00325,120.077
1000,0.100000,0.00033,119.860
1000,0.100000,-0.00460,120.003
1000,0.100000,-0.00429,119.480
1000,0.100000,0.00272,120.385
1000,0.100000,-0.00290,118.673
1000,0.100000,-0.00476,120.619
1000,0.100000,-0.00394,120.077
1000,0.100000,0.00076,120.908
1000,0.100000,-0.00379,120.679
1000,0.100000,-0.00251,120.096
1000,0.100000,-0.00346,119.767
1000,0.100000,-0.00012,120.052
1000,0.100000,-0.00394,120.000
1000,0.100000,-0.00031,120.793
1000,0.100000,-0.00276,120.189
1000,0.100000,-0.00238,120.477
1000,0.100000,0.00128,120.273
1000,0.100000,0.00050,120.981
1000,0.100000,-0.00364,119.831
1000,0.100000,-0.00123,120.951
1000,0.100000,0.00007,119.058
1000,0.100000,-0.00259,120.366
1000,0.100000,-0.00660,120.256
1000,0.100000,-0.00405,120.262
1000,0.100000,-0.00261,119.601
1000,0.200000,-0.00070,74.338
1000,0.200000,0.00225,75.411
1000,0.200000,-0.00729,75.164
1000,0.200000,-0.00961,75.729
1000,0.200000,0.00409,76.088
1000,0.200000,0.00022,75.858
1000,0.200000,-0.00479,74.919
1000,0.200000,0.00153,77.088
1000,0.200000,0.00625,76.285
1000,0.200000,-0.00738,75.115
1000,0.200000,-0.00111,75.842
1000,0.200000,-0.00898,75.579
1000,0.200000,-0.00004,75.813
1000,0.200000,-0.00198,75.898
1000,0.200000,-0.00431,75.617
1000,0.200000,0.00013,74.425
1000,0.200000,0.00544,74.745
1000,0.200000,-0.00952,74.852
1000,0.200000,0.00093,75.797
1000,0.200000,-0.00755,74.721
1000,0.200000,-0.00229,73.665
1000,0.200000,-0.00667,73.892
1000,0.200000,-0.00596,74.181
1000,0.200000,0.00114,76.123
1000,0.200000,-0.00274,75.700
1000,0.200000,-0.00531,73.422
1000,0.200000,-0.01166,73.667
1000,0.200000,-0.00317,72.197
1000,0.200000,-0.00723,75.571
1000,0.200000,0.00194,77.700
1000,0.200000,-0.00064,74.628
1000,0.200000,-0.00154,75.919
1000,0.200000,-0.01162,76.526
1000,0.200000,0.00074,74.837
1000,0.200000,-0.00004,74.682
1000,0.200000,-0.00819,73.576
1000,0.200000,-0.00383,74.211
1000,0.200000,-0.00012,73.286
1000,0.200000,-0.00400,75.669
1000,0.200000,-0.00691,74.310
1000,0.200000,-0.00746,74.050
1000,0.200000,-0.00215,74.627
1000,0.200000,-0.00680,75.121
1000,0.200000,-0.00283,75.299
1000,0.200000,-0.00267,74.887
1000,0.200000,-0.00008,76.081
1000,0.200000,-0.00347,75.255
1000,0.200000,-0.00576,74.321
1000,0.200000,-0.00434,75.629
1000,0.200000,-0.00371,75.429
1000,0.200000,-0.00482,76.166
1000,0.200000,-0.00170,74.475
1000,0.200000,-0.00017,74.908
1000,0.200000,-0.00381,75.135
1000,0.200000,0.00088,74.661
1000,0.200000,-0.00181,75.314
1000,0.200000,0.00025,74.466
1000,0.200000,-0.00652,76.153
1000,0.200000,0.00167,75.619
1000,0.200000,-0.00148,75.353
1000,0.200000,-0.01001,75.655
1000,0.200000,0.00208,75.707
1000,0.200000,-0.00187,73.207
1000,0.200000,-0.00413,74.477
1000,0.200000,-0.00966,75.985
1000,0.200000,-0.00443,74.113
1000,0.200000,-0.01126,75.446
1000,0.200000,-0.00732,74.594
1000,0.200000,-0.00221,76.009
1000,0.200000,-0.00284,75.017
1000,0.200000,-0.00933,74.500
1000,0.200000,0.00216,76.354
1000,0.200000,-0.00601,75.809
1000,0.200000,-0.00112,74.696
1000,0.200000,-0.00372,74.290
1000,0.200000,0.00447,75.972
1000,0.200000,-0.00163,74.938
1000,0.200000,-0.00164,74.517
1000,0.200000,-0.00314,75.399
1000,0.200000,-0.00541,74.480
1000,0.200000,-0.00324,75.910
1000,0.200000,-0.00340,74.999
1000,0.200000,-0.00435,74.987
1000,0.200000,0.00205,75.416
1000,0.200000,-0.00305,75.214
1000,0.200000,-0.00167,76.536
1000,0.200000,-0.00405,75.295
1000,0.200000,0.00296,76.254
1000,0.200000,-0.00405,75.034
1000,0.200000,-0.01018,75.244
1000,0.200000,0.00322,75.306
1000,0.200000,0.00058,74.967
1000,0.200000,-0.00004,75.948
1000,0.200000,-0.01041,74.222
1000,0.200000,0.00822,75.199
1000,0.200000,-0.00759,74.236
1000,0.200000,0.00445,76.625
1000,0.200000,-0.00231,74.766
1000,0.200000,-0.00847,73.942
1000,0.200000,-0.00119,75.807
1000,0.300000,-0.01022,57.004
1000,0.300000,-0.00639,54.190
1000,0.300000,-0.01821,56.775
1000,0.300000,-0.00535,57.247
1000,0.300000,-0.00888,56.130
1000,0.300000,-0.01096,57.286
1000,0.300000,-0.01159,57.159
1000,0.300000,-0.00370,57.177
1000,0.300000,-0.00662,56.652
1000,0.300000,0.00412,56.682
1000,0.300000,-0.00650,56.823
1000,0.300000,0.00396,55.569
1000,0.300000,0.00833,57.400
1000,0.300000,0.00408,56.767
1000,0.300000,-0.01793,55.025
1000,0.300000,-0.00651,56.359
1000,0.300000,0.00238,55.506
1000,0.300000,-0.01129,55.005
1000,0.300000,-0.00371,57.363
1000,0.300000,-0.00256,57.287
1000,0.300000,-0.00466,57.723
1000,0.300000,0.00438,58.442
1000,0.300000,-0.00636,57.081
1000,0.300000,-0.01741,56.507
1000,0.300000,0.00036,54.330
1000,0.300000,-0.01325,55.431
1000,0.300000,-0.00434,58.360
1000,0.300000,-0.00310,57.411
1000,0.300000,-0.00454,56.053
1000,0.300000,-0.00622,54.760
1000,0.300000,-0.00623,56.163
1000,0.300000,-0.00934,56.477
1000,0.300000,-0.00880,56.885
1000,0.300000,0.00101,55.564
1000,0.300000,-0.00072,55.984
1000,0.300000,0.00015,56.077
1000,0.300000,-0.00009,56.944
1000,0.300000,-0.00334,57.192
1000,0.300000,-0.01180,54.719
1000,0.300000,-0.00715,57.026
1000,0.300000,-0.00183,56.194
1000,0.300000,-0.00026,56.537
1000,0.300000,-0.01124,54.890
1000,0.300000,-0.00253,56.733
1000,0.300000,-0.01130,57.543
1000,0.300000,-0.01163,55.921
1000,0.300000,-0.00692,57.871
1000,0.300000,-0.00801,58.526
1000,0.300000,-0.00110,55.615
1000,0.300000,-0.00274,55.773
1000,0.300000,-0.01106,56.684
1000,0.300000,-0.00339,58.871
1000,0.300000,-0.01402,56.017
1000,0.300000,-0.00713,55.635
1000,0.300000,-0.00632,57.182
1000,0.300000,0.00836,57.105
1000,0.300000,0.00096,56.560
1000,0.300000,-0.00191,55.569
1000,0.300000,-0.00579,55.933
1000,0.300000,-0.00576,55.517
1000,0.300000,-0.01820,56.367
1000,0.300000,-0.00551,55.527
1000,0.300000,-0.00148,56.451
1000,0.300000,-0.00380,56.719
1000,0.300000,0.00065,56.384
1000,0.300000,0.00319,57.681
1000,0.300000,-0.00944,57.071
1000,0.300000,-0.00596,55.725
1000,0.300000,-0.00221,55.593
1000,0.300000,0.00431,57.226
1000,0.300000,0.00134,58.047
1000,0.300000,-0.00089,56.553
1000,0.300000,-0.01098,53.312
1000,0.300000,0.00103,56.771
1000,0.300000,-0.00302,57.901
1000,0.300000,-0.00131,57.003
1000,0.300000,0.00168,57.264
1000,0.300000,-0.00646,56.440
1000,0.300000,-0.00187,58.066
1000,0.300000,-0.00281,58.668
1000,0.300000,-0.00558,58.402
1000,0.300000,-0.00942,58.436
1000,0.300000,-0.01637,59.384
1000,0.300000,-0.01119,58.724
1000,0.300000,0.00088,58.661
1000,0.300000,-0.00115,57.417
1000,0.300000,-0.00467,57.497
1000,0.300000,-0.00288,58.769
1000,0.300000,-0.00499,58.428
1000,0.300000,-0.00725,58.554
1000,0.300000,-0.00122,58.600
1000,0.300000,-0.00946,58.779
1000,0.300000,-0.01050,58.917
1000,0.300000,-0.00331,58.404
1000,0.300000,0.00035,59.505
1000,0.300000,-0.00884,59.809
1000,0.300000,-0.01064,58.239
1000,0.300000,-0.01157,57.310
1000,0.300000,-0.01040,59.066
1000,0.300000,-0.00735,59.612
1000,0.400000,-0.03006,41.388
1000,0.400000,0.00484,42.637
1000,0.400000,-0.00369,41.593
1000,0.400000,-0.00708,41.291
1000,0.400000,-0.01183,42.696
1000,0.400000,-0.00620,42.272
1000,0.400000,-0.00876,43.131
1000,0.400000,-0.01679,43.845
1000,0.400000,-0.00502,43.099
1000,0.400000,-0.00262,42.790
1000,0.400000,-0.01100,42.021
1000,0.400000,-0.00757,42.834
1000,0.400000,-0.00426,42.474
1000,0.400000,-0.00547,43.509
1000,0.400000,-0.00893,42.017
1000,0.400000,-0.01389,41.293
1000,0.400000,-0.00694,42.849
1000,0.400000,-0.00453,41.244
1000,0.400000,-0.00609,42.236
1000,0.400000,-0.00613,42.333
1000,0.400000,-0.01154,42.310
1000,0.400000,0.00079,42.011
1000,0.400000,-0.01677,41.324
1000,0.400000,-0.00996,42.219
1000,0.400000,-0.00670,43.831
1000,0.400000,0.00572,41.515
1000,0.400000,-0.00963,42.883
1000,0.400000,0.01070,42.905
1000,0.400000,-0.00804,40.449
1000,0.400000,-0.00352,41.250
1000,0.400000,-0.00559,41.552
1000,0.400000,-0.00335,41.034
1000,0.400000,-0.01307,41.520
1000,0.400000,-0.01388,40.922
1000,0.400000,-0.01233,40.669
1000,0.400000,-0.00697,44.381
1000,0.400000,0.00710,41.711
1000,0.400000,-0.00055,42.569
1000,0.400000,-0.00386,47.002
1000,0.400000,-0.01664,42.599
1000,0.400000,-0.01835,41.609
1000,0.400000,-0.00275,42.186
1000,0.400000,0.00490,42.393
1000,0.400000,-0.01425,41.176
1000,0.400000,0.00272,43.801
1000,0.400000,-0.01040,41.774
1000,0.400000,-0.03301,42.275
1000,0.400000,-0.00309,43.430
1000,0.400000,-0.00631,42.839
1000,0.400000,-0.01134,41.706
1000,0.400000,-0.00273,41.585
1000,0.400000,-0.02318,41.778
1000,0.400000,0.00240,42.639
1000,0.400000,-0.00553,42.441
1000,0.400000,-0.00696,41.509
1000,0.400000,0.00354,42.304
1000,0.400000,0.00073,42.042
1000,0.400000,-0.00728,40.610
1000,0.400000,-0.01566,42.256
1000,0.400000,-0.00765,43.959
1000,0.400000,-0.01688,41.927
1000,0.400000,-0.00877,44.377
1000,0.400000,-0.02512,42.125
1000,0.400000,-0.01241,40.459
1000,0.400000,-0.03669,41.279
1000,0.400000,0.00763,44.800
1000,0.400000,-0.01518,41.480
1000,0.400000,-0.00642,40.786
1000,0.400000,-0.00807,43.452
1000,0.400000,-0.00345,41.042
1000,0.400000,-0.01050,43.032
1000,0.400000,-0.01683,42.852
1000,0.400000,0.00494,42.199
1000,0.400000,0.00068,41.442
1000,0.400000,-0.00131,41.289
1000,0.400000,-0.01396,42.503
1000,0.400000,-0.00717,42.336
1000,0.400000,-0.02739,40.939
1000,0.400000,-0.00899,42.128
1000,0.400000,0.00095,42.049
1000,0.400000,0.00312,42.548
1000,0.400000,-0.01261,42.838
1000,0.400000,-0.00929,42.538
1000,0.400000,-0.01501,41.910
1000,0.400000,-0.00909,42.457
1000,0.400000,-0.00354,41.072
1000,0.400000,-0.00015,41.023
1000,0.400000,0.00322,40.294
1000,0.400000,-0.00655,41.318
1000,0.400000,-0.00016,41.849
1000,0.400000,-0.01322,43.383
1000,0.400000,-0.00723,44.115
1000,0.400000,-0.00882,41.263
1000,0.400000,-0.00889,41.768
1000,0.400000,-0.01049,42.659
1000,0.400000,-0.01512,44.468
1000,0.400000,-0.01474,40.934
1000,0.400000,-0.00003,40.978
1000,0.400000,-0.00315,43.507
1000,0.400000,0.00545,42.096
1000,0.500000,-0.01957,35.176
1000,0.500000,-0.00404,33.859
1000,0.500000,-0.02658,33.836
1000,0.500000,-0.02101,33.783
1000,0.500000,0.00017,33.978
1000,0.500000,-0.01518,34.128
1000,0.500000,-0.00850,35.555
1000,0.500000,-0.02758,34.604
1000,0.500000,-0.00130,34.792
1000,0.500000,-0.02441,33.577
1000,0.500000,-0.01838,33.547
1000,0.500000,-0.04666,34.069
1000,0.500000,0.00301,33.813
1000,0.500000,-0.02051,35.152
1000,0.500000,-0.00947,34.829
1000,0.500000,-0.01572,32.929
1000,0.500000,0.00114,34.382
1000,0.500000,-0.01490,33.414
1000,0.500000,-0.02884,34.536
1000,0.500000,-0.00536,35.201
1000,0.500000,-0.01054,32.330
1000,0.500000,0.00413,33.995
1000,0.500000,-0.01026,33.970
1000,0.500000,-0.00177,32.982
1000,0.500000,-0.01609,34.485
1000,0.500000,-0.01138,33.559
1000,0.500000,-0.02402,35.109
1000,0.500000,-0.00644,33.909
1000,0.500000,-0.02094,33.799
1000,0.500000,0.00306,34.751
1000,0.500000,-0.00860,35.604
1000,0.500000,-0.02370,32.754
1000,0.500000,-0.01148,34.002
1000,0.500000,-0.04005,32.545
1000,0.500000,-0.00596,33.593
1000,0.500000,-0.02578,34.723
1000,0.500000,-0.00864,33.931
1000,0.500000,0.00160,34.708
1000,0.500000,-0.01792,34.978
1000,0.500000,-0.02969,34.269
1000,0.500000,-0.00760,32.834
1000,0.500000,-0.02041,34.541
1000,0.500000,0.00234,34.693
1000,0.500000,-0.02301,33.283
1000,0.500000,-0.00611,35.055
1000,0.500000,0.00293,34.928
1000,0.500000,-0.00894,34.198
1000,0.500000,-0.01664,35.095
1000,0.500000,-0.02060,33.738
1000,0.500000,-0.01016,35.076
1000,0.500000,0.01886,34.147
1000,0.500000,-0.02553,34.005
1000,0.500000,-0.03451,34.838
1000,0.500000,-0.02052,33.882
1000,0.500000,-0.03240,34.012
1000,0.500000,-0.02078,33.728
1000,0.500000,-0.01380,35.318
1000,0.500000,0.00989,33.439
1000,0.500000,-0.00008,34.373
1000,0.500000,0.00529,32.642
1000,0.500000,-0.01290,34.801
1000,0.500000,-0.00410,34.527
1000,0.500000,-0.01815,34.024
1000,0.500000,-0.02242,34.450
1000,0.500000,0.00502,34.009
1000,0.500000,-0.02295,34.876
1000,0.500000,-0.01520,32.089
1000,0.500000,-0.01573,36.119
1000,0.500000,0.00566,34.532
1000,0.500000,0.00511,33.912
1000,0.500000,-0.01378,33.914
1000,0.500000,-0.00816,33.061
1000,0.500000,-0.01227,34.361
1000,0.500000,-0.00510,33.782
1000,0.500000,-0.01016,34.333
1000,0.500000,0.00634,34.436
1000,0.500000,-0.01663,34.150
1000,0.500000,-0.00878,34.613
1000,0.500000,-0.01024,34.180
1000,0.500000,-0.00758,34.507
1000,0.500000,-0.01729,34.398
1000,0.500000,-0.00290,34.859
1000,0.500000,-0.00538,33.755
1000,0.500000,-0.02038,34.226
1000,0.500000,-0.03035,34.685
1000,0.500000,-0.01402,33.762
1000,0.500000,-0.00687,35.512
1000,0.500000,-0.02281,32.696
1000,0.500000,-0.03391,28.643
1000,0.500000,-0.01605,29.284
1000,0.500000,-0.02825,31.748
1000,0.500000,-0.00873,31.319
1000,0.500000,-0.01248,30.012
1000,0.500000,-0.01676,33.956
1000,0.500000,-0.02285,34.025
1000,0.500000,-0.00978,29.469
1000,0.500000,-0.02950,29.989
1000,0.500000,-0.01923,28.698
1000,0.500000,-0.01053,29.877
1000,0.500000,-0.02228,33.622
1000,0.600000,-0.02842,27.357
1000,0.600000,-0.03518,27.163
1000,0.600000,0.00427,28.017
1000,0.600000,-0.00711,26.534
1000,0.600000,-0.03480,27.580
1000,0.600000,-0.02949,27.083
1000,0.600000,-0.00448,27.481
1000,0.600000,-0.01253,27.373
1000,0.600000,-0.01974,28.245
1000,0.600000,-0.02492,28.220
1000,0.600000,-0.02248,28.702
1000,0.600000,-0.03871,27.371
1000,0.600000,-0.04165,26.942
1000,0.600000,-0.00853,28.579
1000,0.600000,-0.02341,26.550
1000,0.600000,-0.02201,26.853
1000,0.600000,-0.00618,28.131
1000,0.600000,-0.01762,27.808
1000,0.600000,-0.01069,26.946
1000,0.600000,-0.03170,26.527
1000,0.600000,-0.00299,28.538
1000,0.600000,0.01365,28.544
1000,0.600000,-0.01632,27.848
1000,0.600000,-0.03275,27.098
1000,0.600000,-0.01696,27.886
1000,0.600000,-0.01081,28.617
1000,0.600000,-0.02764,26.852
1000,0.600000,-0.02261,28.176
1000,0.600000,0.01231,27.253
1000,0.600000,-0.02980,27.256
1000,0.600000,-0.01053,27.848
1000,0.600000,-0.02460,27.899
1000,0.600000,0.00922,27.717
1000,0.600000,-0.03046,28.675
1000,0.600000,-0.06121,27.472
1000,0.600000,-0.03576,27.993
1000,0.600000,-0.00735,27.688
1000,0.600000,-0.00448,25.473
1000,0.600000,0.00977,27.892
1000,0.600000,-0.02874,27.338
1000,0.600000,-0.02635,26.923
1000,0.600000,-0.03101,27.557
1000,0.600000,-0.02339,28.047
1000,0.600000,-0.01399,27.082
1000,0.600000,-0.02119,26.336
1000,0.600000,-0.01768,28.321
1000,0.600000,-0.00793,27.734
1000,0.600000,-0.04160,26.998
1000,0.600000,-0.02462,28.817
1000,0.600000,-0.00911,28.572
1000,0.600000,-0.00770,28.215
1000,0.600000,-0.00378,29.164
1000,0.600000,-0.01924,27.623
1000,0.600000,-0.04268,27.909
1000,0.600000,-0.02128,27.146
1000,0.600000,-0.03990,28.434
1000,0.600000,0.01255,26.628
1000,0.600000,-0.01160,28.001
1000,0.600000,-0.03839,26.173
1000,0.600000,7.54301,29.280
1000,0.600000,-0.03537,28.741
1000,0.600000,-0.02219,28.338
1000,0.600000,-0.03484,27.764
1000,0.600000,-0.00101,26.993
1000,0.600000,0.02687,27.163
1000,0.600000,0.02512,28.822
1000,0.600000,0.00371,27.915
1000,0.600000,-0.01911,27.293
1000,0.600000,-0.04121,27.651
1000,0.600000,-0.03023,26.615
1000,0.600000,-0.00837,27.535
1000,0.600000,-0.00217,27.935
1000,0.600000,0.64557,28.230
1000,0.600000,-0.00758,28.896
1000,0.600000,-0.01614,27.115
1000,0.600000,-0.06697,29.056
1000,0.600000,-0.01258,27.336
1000,0.600000,-0.01741,28.753
1000,0.600000,-0.02682,26.485
1000,0.600000,-0.01794,27.669
1000,0.600000,-0.04291,28.340
1000,0.600000,-0.01089,28.755
1000,0.600000,-0.08396,28.122
1000,0.600000,-0.01303,27.102
1000,0.600000,0.02904,27.729
1000,0.600000,-0.00530,28.123
1000,0.600000,-0.03190,28.278
1000,0.600000,-0.02995,28.519
1000,0.600000,-0.01579,26.402
1000,0.600000,-0.00422,26.768
1000,0.600000,-0.03327,29.097
1000,0.600000,-0.00568,29.494
1000,0.600000,0.00901,28.295
1000,0.600000,-0.01335,29.203
1000,0.600000,0.00806,26.558
1000,0.600000,-0.05321,28.995
1000,0.600000,-0.03849,27.403
1000,0.600000,-0.02490,28.680
1000,0.600000,-0.01766,28.469
1000,0.600000,-0.00827,28.191
1000,0.700000,-0.00542,24.088
1000,0.700000,-0.06068,23.278
1000,0.700000,-0.05181,23.667
1000,0.700000,-0.03554,22.499
1000,0.700000,-0.03763,22.860
1000,0.700000,-0.04688,26.528
1000,0.700000,-0.00850,23.940
1000,0.700000,-0.01305,23.859
1000,0.700000,-0.06650,25.109
1000,0.700000,0.60754,24.870
1000,0.700000,-0.03325,23.099
1000,0.700000,-0.06323,23.694
1000,0.700000,0.05707,26.202
1000,0.700000,-0.03976,23.208
1000,0.700000,-0.03903,25.521
1000,0.700000,-0.02807,23.641
1000,0.700000,-0.01772,25.420
1000,0.700000,-0.03677,23.241
1000,0.700000,-0.02475,23.070
1000,0.700000,-0.02645,23.631
1000,0.700000,-0.08849,22.937
1000,0.700000,-0.02912,22.483
1000,0.700000,-0.04742,24.496
1000,0.700000,-0.02763,23.867
1000,0.700000,-0.03916,24.139
1000,0.700000,-0.06885,22.866
1000,0.700000,-0.05930,23.644
1000,0.700000,-0.03868,23.700
1000,0.700000,-0.02507,23.823
1000,0.700000,-0.02193,24.376
1000,0.700000,-0.03142,23.026
1000,0.700000,47.83176,26.280
1000,0.700000,-0.02175,23.690
1000,0.700000,-0.04733,22.492
1000,0.700000,-0.05777,24.925
1000,0.700000,-0.04959,23.176
1000,0.700000,-0.06202,23.556
1000,0.700000,-0.01952,24.442
1000,0.700000,0.92597,24.924
1000,0.700000,-0.06140,23.629
1000,0.700000,-0.02958,24.363
1000,0.700000,-0.01822,23.540
1000,0.700000,-0.02433,23.128
1000,0.700000,-0.03660,23.917
1000,0.700000,-0.03738,24.047
1000,0.700000,-0.09036,24.494
1000,0.700000,0.03951,23.989
1000,0.700000,-0.04749,23.714
1000,0.700000,0.06193,25.165
1000,0.700000,-0.02423,24.135
1000,0.700000,-0.03196,23.853
1000,0.700000,27.85207,23.841
1000,0.700000,-0.00896,23.630
1000,0.700000,-0.02173,22.518
1000,0.700000,-0.05732,24.629
1000,0.700000,-0.03826,23.678
1000,0.700000,-0.02241,23.347
1000,0.700000,-0.04218,22.896
1000,0.700000,-0.01222,24.172
1000,0.700000,-0.02175,22.403
1000,0.700000,-0.02077,22.650
1000,0.700000,-0.00715,22.288
1000,0.700000,-0.01784,22.942
1000,0.700000,-0.00362,23.955
1000,0.700000,-0.04325,23.379
1000,0.700000,-0.01532,24.206
1000,0.700000,-0.04531,22.972
1000,0.700000,-0.03630,24.019
1000,0.700000,-0.04123,22.945
1000,0.700000,-0.04468,23.926
1000,0.700000,-0.05466,24.973
1000,0.700000,-0.06134,24.142
1000,0.700000,0.00101,25.246
1000,0.700000,2.31470,27.326
1000,0.700000,1.22814,24.249
1000,0.700000,-0.04205,24.338
1000,0.700000,-0.02444,24.943
1000,0.700000,-0.01531,23.839
1000,0.700000,7.43061,24.902
1000,0.700000,-0.03174,22.945
1000,0.700000,0.02248,23.897
1000,0.700000,-0.00817,23.813
1000,0.700000,-0.03378,23.551
1000,0.700000,-0.02620,22.001
1000,0.700000,-0.00664,23.369
1000,0.700000,-0.00574,25.736
1000,0.700000,0.01175,22.578
1000,0.700000,0.00205,24.779
1000,0.700000,-0.06999,22.410
1000,0.700000,-0.01463,23.975
1000,0.700000,-0.03283,23.086
1000,0.700000,0.20743,23.161
1000,0.700000,-0.04325,25.019
1000,0.700000,-0.04214,23.906
1000,0.700000,0.00072,24.884
1000,0.700000,-0.02642,22.913
1000,0.700000,-0.00516,23.762
1000,0.700000,-0.01688,24.084
1000,0.700000,-0.02660,24.302
1000,0.700000,-0.03247,24.552
1000,0.800000,-0.04164,28.322
1000,0.800000,0.53642,22.655
1000,0.800000,-0.00827,20.685
1000,0.800000,3.29309,25.007
1000,0.800000,0.18165,24.012
1000,0.800000,2.58496,25.582
1000,0.800000,-0.04409,28.823
1000,0.800000,0.08754,22.383
1000,0.800000,1.32554,23.855
1000,0.800000,0.01648,21.165
1000,0.800000,2.18370,21.208
1000,0.800000,-0.02004,21.430
1000,0.800000,0.03326,24.393
1000,0.800000,0.02754,22.102
1000,0.800000,-0.05369,21.210
1000,0.800000,0.29974,24.808
1000,0.800000,6.23784,25.799
1000,0.800000,0.38158,22.273
1000,0.800000,0.85619,23.196
1000,0.800000,0.12646,24.886
1000,0.800000,0.31638,25.159
1000,0.800000,13.15691,25.312
1000,0.800000,6.29860,23.505
1000,0.800000,0.03282,22.573
1000,0.800000,-0.05452,20.159
1000,0.800000,17.85233,20.610
1000,0.800000,0.22050,20.920
1000,0.800000,-0.08333,23.619
1000,0.800000,2.24139,24.728
1000,0.800000,2.89428,21.195
1000,0.800000,-0.04344,20.057
1000,0.800000,0.34557,30.752
1000,0.800000,-0.02308,21.234
1000,0.800000,0.42036,23.403
1000,0.800000,-0.02709,22.837
1000,0.800000,0.02423,19.304
1000,0.800000,0.07749,21.014
1000,0.800000,-0.01084,21.497
1000,0.800000,-0.04818,20.562
1000,0.800000,3.46631,19.530
1000,0.800000,5.45868,22.846
1000,0.800000,0.09172,23.763
1000,0.800000,-0.03542,20.162
1000,0.800000,33.87037,28.669
1000,0.800000,1.45535,25.863
1000,0.800000,2.58690,24.337
1000,0.800000,7.02395,22.567
1000,0.800000,-0.04101,21.366
1000,0.800000,0.01553,20.874
1000,0.800000,-0.02119,22.280
1000,0.800000,13.91850,23.447
1000,0.800000,1.45095,24.289
1000,0.800000,0.08662,23.210
1000,0.800000,-0.05678,22.764
1000,0.800000,1.02411,21.184
1000,0.800000,-0.05757,19.699
1000,0.800000,-0.03144,21.318
1000,0.800000,-0.01846,23.128
1000,0.800000,67.42843,26.144
1000,0.800000,10.89898,22.223
1000,0.800000,-0.11041,20.266
1000,0.800000,0.56721,25.209
1000,0.800000,0.59028,26.094
1000,0.800000,0.04631,21.122
1000,0.800000,0.02257,21.309
1000,0.800000,-0.05541,20.364
1000,0.800000,-0.00182,38.756
1000,0.800000,0.03655,21.793
1000,0.800000,-0.03573,22.544
1000,0.800000,-0.03632,21.040
1000,0.800000,-0.07670,24.348
1000,0.800000,0.04073,20.450
1000,0.800000,0.45163,24.132
1000,0.800000,-0.05519,20.554
1000,0.800000,0.08562,22.053
1000,0.800000,0.03848,24.382
1000,0.800000,0.77189,20.940
1000,0.800000,0.02337,22.661
1000,0.800000,-0.00618,22.965
1000,0.800000,0.20853,20.261
1000,0.800000,4.24646,24.688
1000,0.800000,0.05799,20.706
1000,0.800000,-0.05458,21.448
1000,0.800000,0.59614,42.520
1000,0.800000,0.12241,22.248
1000,0.800000,-0.02180,22.468
1000,0.800000,0.14742,28.960
1000,0.800000,-0.00677,22.998
1000,0.800000,0.01898,20.434
1000,0.800000,-0.04587,21.318
1000,0.800000,0.03828,24.959
1000,0.800000,-0.06588,18.934
1000,0.800000,-0.01613,19.170
1000,0.800000,0.83391,22.052
1000,0.800000,-0.03950,33.879
1000,0.800000,-0.06495,20.982
1000,0.800000,0.05810,22.270
1000,0.800000,0.17255,29.882
1000,0.800000,7.03429,24.820
1000,0.800000,0.35552,23.922
1000,0.900000,0.05329,32.399
1000,0.900000,0.72074,21.094
1000,0.900000,1.12099,24.430
1000,0.900000,2.18811,24.307
1000,0.900000,4.25684,19.170
1000,0.900000,0.07316,27.403
1000,0.900000,0.13911,21.012
1000,0.900000,0.69333,19.717
1000,0.900000,0.20238,19.821
1000,0.900000,0.19279,20.604
1000,0.900000,0.78848,22.397
1000,0.900000,55.97004,33.991
1000,0.900000,0.15234,21.224
1000,0.900000,0.57836,19.383
1000,0.900000,0.30445,20.757
1000,0.900000,1.93948,20.790
1000,0.900000,0.69092,24.601
1000,0.900000,-0.03477,27.799
1000,0.900000,0.33254,19.958
1000,0.900000,0.22189,24.722
1000,0.900000,1.02935,24.404
1000,0.900000,0.01432,22.798
1000,0.900000,0.42308,18.505
1000,0.900000,0.02702,20.108
1000,0.900000,1.79503,19.460
1000,0.900000,-0.04387,26.913
1000,0.900000,3.03592,29.364
1000,0.900000,0.12805,24.198
1000,0.900000,0.97759,25.633
1000,0.900000,0.19542,32.336
1000,0.900000,0.12163,19.289
1000,0.900000,0.21759,21.522
1000,0.900000,0.63943,22.829
1000,0.900000,0.22464,20.735
1000,0.900000,14.51061,26.387
1000,0.900000,0.05418,18.108
1000,0.900000,-0.02358,27.420
1000,0.900000,0.03000,18.604
1000,0.900000,0.29297,19.017
1000,0.900000,0.69107,21.525
1000,0.900000,0.24236,23.344
1000,0.900000,0.04502,22.032
1000,0.900000,8.62754,22.678
1000,0.900000,0.36445,20.086
1000,0.900000,0.40891,21.433
1000,0.900000,0.59621,36.442
1000,0.900000,0.76524,21.218
1000,0.900000,1.27816,24.202
1000,0.900000,-0.03762,22.661
1000,0.900000,0.00279,19.550
1000,0.900000,0.06292,31.977
1000,0.900000,-0.07880,25.091
1000,0.900000,0.20124,22.549
1000,0.900000,-0.06272,18.635
1000,0.900000,0.26848,20.480
1000,0.900000,27.43812,26.262
1000,0.900000,0.02453,22.210
1000,0.900000,1.51548,24.137
1000,0.900000,-0.01739,39.247
1000,0.900000,0.48609,26.531
1000,0.900000,4.35211,18.749
1000,0.900000,0.83992,26.768
1000,0.900000,0.43736,26.811
1000,0.900000,-0.02166,26.171
1000,0.900000,1.73878,24.024
1000,0.900000,45.85627,31.957
1000,0.900000,0.12027,21.488
1000,0.900000,0.32424,19.659
1000,0.900000,-0.05846,21.673
1000,0.900000,6.34375,21.910
1000,0.900000,-0.01580,19.414
1000,0.900000,0.06678,20.137
1000,0.900000,-0.02066,19.239
1000,0.900000,0.60059,20.345
1000,0.900000,2.18561,24.676
1000,0.900000,0.43267,19.862
1000,0.900000,2.46158,23.221
1000,0.900000,1.18013,23.537
1000,0.900000,0.29238,20.499
1000,0.900000,0.16918,21.620
1000,0.900000,21.56601,22.777
1000,0.900000,0.44546,21.268
1000,0.900000,0.32361,20.312
1000,0.900000,36.26982,20.288
1000,0.900000,0.39165,18.595
1000,0.900000,0.00869,20.459
1000,0.900000,0.16749,20.974
1000,0.900000,3.23630,22.718
1000,0.900000,-0.04293,22.685
1000,0.900000,0.05093,20.039
1000,0.900000,0.23297,22.960
1000,0.900000,0.06125,22.283
1000,0.900000,3.79582,22.199
1000,0.900000,0.73616,19.330
1000,0.900000,34.49060,31.002
1000,0.900000,0.46846,22.019
1000,0.900000,2.07441,22.856
1000,0.900000,0.35308,19.043
1000,0.900000,0.02053,25.782
1000,0.900000,0.38241,18.295
1000,1.000000,0.05276,21.228
1000,1.000000,0.16056,18.194
1000,1.000000,-0.00458,39.013
1000,1.000000,0.32315,18.240
1000,1.000000,-0.00089,18.340
1000,1.000000,0.62414,22.486
1000,1.000000,-0.04435,19.807
1000,1.000000,0.28447,16.832
1000,1.000000,0.06434,19.210
1000,1.000000,0.24046,17.701
1000,1.000000,0.09770,20.181
1000,1.000000,0.57287,22.563
1000,1.000000,0.23201,21.210
1000,1.000000,2.34932,29.090
1000,1.000000,35.02438,28.680
1000,1.000000,0.13167,20.402
1000,1.000000,0.49455,20.594
1000,1.000000,0.10605,20.533
1000,1.000000,24.78673,21.105
1000,1.000000,0.34554,19.414
1000,1.000000,0.61598,20.230
1000,1.000000,22.13666,24.962
1000,1.000000,0.12497,28.736
1000,1.000000,0.19822,18.423
1000,1.000000,-0.09016,20.044
1000,1.000000,0.12231,20.764
1000,1.000000,0.30635,19.352
1000,1.000000,0.83474,21.732
1000,1.000000,24.07813,20.583
1000,1.000000,3.94200,22.811
1000,1.000000,3.03000,19.548
1000,1.000000,0.36779,18.257
1000,1.000000,-0.02996,23.250
1000,1.000000,3.00898,23.750
1000,1.000000,0.12305,16.761
1000,1.000000,-0.07906,16.025
1000,1.000000,0.97136,23.490
1000,1.000000,0.50050,21.567
1000,1.000000,-0.08236,23.054
1000,1.000000,0.43705,20.128
1000,1.000000,-0.03336,27.020
1000,1.000000,0.28140,24.174
1000,1.000000,1.33030,24.633
1000,1.000000,1.80224,23.008
1000,1.000000,-0.04001,22.445
1000,1.000000,0.73803,22.229
1000,1.000000,-0.00394,20.750
1000,1.000000,0.21215,20.814
1000,1.000000,0.04497,19.328
1000,1.000000,0.27019,18.435
1000,1.000000,0.34042,23.965
1000,1.000000,0.31908,18.335
1000,1.000000,0.66362,20.012
1000,1.000000,-0.09822,20.340
1000,1.000000,0.83317,18.389
1000,1.000000,0.12996,22.775
1000,1.000000,11.16816,22.019
1000,1.000000,0.26541,18.072
1000,1.000000,-0.01930,30.094
1000,1.000000,0.21442,22.077
1000,1.000000,0.21619,19.032
1000,1.000000,-0.10628,26.787
1000,1.000000,0.65152,21.917
1000,1.000000,0.88490,19.694
1000,1.000000,0.06568,19.457
1000,1.000000,0.28428,18.768
1000,1.000000,3.70827,24.921
1000,1.000000,0.00938,19.941
1000,1.000000,-0.04177,17.066
1000,1.000000,-0.11904,19.490
1000,1.000000,5.06257,18.606
1000,1.000000,0.37095,18.954
1000,1.000000,0.18554,20.210
1000,1.000000,0.17521,17.260
1000,1.000000,3.23059,19.169
1000,1.000000,0.48039,18.986
1000,1.000000,0.53629,28.114
1000,1.000000,0.08756,17.329
1000,1.000000,0.57104,21.499
1000,1.000000,10.80609,19.923
1000,1.000000,-0.04058,18.470
1000,1.000000,0.05763,21.372
1000,1.000000,0.36145,21.621
1000,1.000000,2.48003,28.988
1000,1.000000,1.23213,18.672
1000,1.000000,2.46739,26.009
1000,1.000000,0.29216,19.025
1000,1.000000,1.47120,20.045
1000,1.000000,3.04382,22.999
1000,1.000000,0.32563,20.054
1000,1.000000,0.02723,16.719
1000,1.000000,3.07456,21.948
1000,1.000000,0.01986,18.989
1000,1.000000,0.02188,17.906
1000,1.000000,0.54596,18.701
1000,1.000000,1.23363,22.816
1000,1.000000,21.84803,33.529
1000,1.000000,-0.00413,17.303
1000,1.000000,0.02367,19.137
1000,1.000000,-0.02732,21.801
1000,2.000000,0.34698,13.282
1000,2.000000,0.04070,13.795
1000,2.000000,0.29290,13.853
1000,2.000000,1.90537,20.132
1000,2.000000,-0.12482,13.917
1000,2.000000,0.85740,18.385
1000,2.000000,0.63519,14.280
1000,2.000000,0.70544,15.031
1000,2.000000,-0.10707,14.130
1000,2.000000,0.18630,13.580
1000,2.000000,-0.11170,16.155
1000,2.000000,0.29874,16.877
1000,2.000000,0.40393,12.503
1000,2.000000,-0.58691,13.274
1000,2.000000,0.85344,18.507
1000,2.000000,2.06432,16.973
1000,2.000000,0.54354,13.723
1000,2.000000,0.19975,13.455
1000,2.000000,0.57359,14.038
1000,2.000000,0.10103,15.070
1000,2.000000,1.99018,20.333
1000,2.000000,31.32359,17.012
1000,2.000000,0.04783,13.600
1000,2.000000,-0.42487,13.245
1000,2.000000,1.22360,16.646
1000,2.000000,3.96562,13.059
1000,2.000000,0.31196,15.866
1000,2.000000,0.08871,12.815
1000,2.000000,0.54203,13.455
1000,2.000000,0.22757,13.915
1000,2.000000,1.01389,15.342
1000,2.000000,0.09956,17.947
1000,2.000000,0.62917,14.604
1000,2.000000,0.46126,14.639
1000,2.000000,3.55529,12.936
1000,2.000000,-0.03740,17.697
1000,2.000000,0.99986,21.013
1000,2.000000,0.01472,15.904
1000,2.000000,2.34551,19.691
1000,2.000000,-0.52419,11.501
1000,2.000000,-0.07678,12.010
1000,2.000000,0.84497,13.975
1000,2.000000,0.26516,15.204
1000,2.000000,0.46750,12.836
1000,2.000000,0.97939,13.415
1000,2.000000,1.57293,14.430
1000,2.000000,6.09042,13.830
1000,2.000000,0.35373,13.844
1000,2.000000,1.99061,15.023
1000,2.000000,1.14967,13.674
1000,2.000000,0.08629,16.828
1000,2.000000,0.02211,12.514
1000,2.000000,0.97284,11.801
1000,2.000000,-0.07833,14.364
1000,2.000000,1.29107,18.034
1000,2.000000,16.50174,18.750
1000,2.000000,0.62537,14.194
1000,2.000000,38.83456,21.759
1000,2.000000,0.04296,14.195
1000,2.000000,-0.53639,15.626
1000,2.000000,1.17981,17.395
1000,2.000000,0.15495,14.251
1000,2.000000,0.50022,11.203
1000,2.000000,-0.05508,14.311
1000,2.000000,2.01108,16.314
1000,2.000000,0.17185,16.240
1000,2.000000,3.85675,13.759
1000,2.000000,0.88564,14.347
1000,2.000000,-0.04968,14.011
1000,2.000000,-0.16322,16.882
1000,2.000000,26.15742,19.451
1000,2.000000,0.42003,16.722
1000,2.000000,0.70932,15.840
1000,2.000000,1.54502,15.194
1000,2.000000,1.96033,17.335
1000,2.000000,0.40905,13.281
1000,2.000000,5.07169,28.822
1000,2.000000,0.20944,14.770
1000,2.000000,4.61011,15.550
1000,2.000000,0.37778,15.073
1000,2.000000,0.53600,14.506
1000,2.000000,-0.61022,12.630
1000,2.000000,0.02164,13.286
1000,2.000000,1.06279,14.074
1000,2.000000,0.10934,14.417
1000,2.000000,0.21267,11.945
1000,2.000000,0.29442,14.714
1000,2.000000,-0.46261,12.841
1000,2.000000,0.07800,20.807
1000,2.000000,0.38892,14.889
1000,2.000000,-0.16894,13.789
1000,2.000000,8.80645,14.544
1000,2.000000,0.30583,18.510
1000,2.000000,0.29457,14.298
1000,2.000000,1.20176,12.681
1000,2.000000,-0.10988,17.163
1000,2.000000,-0.05719,17.101
1000,2.000000,23.93052,14.221
1000,2.000000,34.72788,16.083
1000,2.000000,-0.11369,14.358
1000,3.000000,1.18724,8.600
1000,3.000000,0.00861,5.762
1000,3.000000,0.02072,5.943
1000,3.000000,-0.45736,6.970
1000,3.000000,0.41778,7.368
1000,3.000000,0.01660,6.041
1000,3.000000,0.01491,6.156
1000,3.000000,0.01265,6.223
1000,3.000000,0.40451,6.439
1000,3.000000,0.01278,6.936
1000,3.000000,-0.52280,8.236
1000,3.000000,0.54989,6.460
1000,3.000000,0.00829,5.885
1000,3.000000,0.52334,12.721
1000,3.000000,0.00606,5.973
1000,3.000000,0.01312,6.062
1000,3.000000,-0.02752,6.048
1000,3.000000,0.00997,6.150
1000,3.000000,0.34782,6.674
1000,3.000000,0.02059,5.948
1000,3.000000,0.01002,5.878
1000,3.000000,0.00966,6.030
1000,3.000000,0.01196,6.046
1000,3.000000,0.01081,6.665
1000,3.000000,0.00950,6.208
1000,3.000000,0.00673,6.469
1000,3.000000,-0.15668,5.911
1000,3.000000,0.60285,7.031
1000,3.000000,0.00902,6.174
1000,3.000000,0.00935,6.192
1000,3.000000,0.01388,6.084
1000,3.000000,0.01128,6.175
1000,3.000000,-0.08041,7.401
1000,3.000000,0.17650,8.594
1000,3.000000,0.01075,6.681
1000,3.000000,0.00240,6.317
1000,3.000000,0.16141,6.847
1000,3.000000,0.01298,5.997
1000,3.000000,0.00560,8.134
1000,3.000000,0.01237,6.058
1000,3.000000,0.12893,6.459
1000,3.000000,0.01494,5.898
1000,3.000000,-0.24430,6.009
1000,3.000000,0.30389,9.660
1000,3.000000,-0.05069,9.068
1000,3.000000,0.00975,5.995
1000,3.000000,-0.45102,6.096
1000,3.000000,0.01019,5.873
1000,3.000000,-0.40962,6.231
1000,3.000000,0.01278,6.052
1000,3.000000,0.01503,5.886
1000,3.000000,0.00924,6.608
1000,3.000000,0.01442,6.104
1000,3.000000,0.05112,10.594
1000,3.000000,-0.58583,7.039
1000,3.000000,-0.05154,6.302
1000,3.000000,0.01583,6.088
1000,3.000000,0.00508,5.919
1000,3.000000,0.01192,5.965
1000,3.000000,0.00590,6.150
1000,3.000000,0.01308,6.141
1000,3.000000,0.00842,5.890
1000,3.000000,-0.43001,6.917
1000,3.000000,0.01345,5.909
1000,3.000000,0.01683,5.979
1000,3.000000,0.14910,8.006
1000,3.000000,0.00788,6.228
1000,3.000000,-0.12353,7.786
1000,3.000000,0.00559,5.946
1000,3.000000,0.00855,6.641
1000,3.000000,0.00909,6.091
1000,3.000000,0.01055,5.999
1000,3.000000,0.32527,6.177
1000,3.000000,0.01362,7.113
1000,3.000000,0.00592,6.422
1000,3.000000,0.01569,6.252
1000,3.000000,0.00733,5.726
1000,3.000000,-0.03128,6.534
1000,3.000000,-0.51404,5.943
1000,3.000000,0.01097,6.018
1000,3.000000,-0.16613,7.259
1000,3.000000,0.16452,6.587
1000,3.000000,-0.06882,5.931
1000,3.000000,0.01515,5.993
1000,3.000000,0.01769,5.911
1000,3.000000,0.00720,6.190
1000,3.000000,0.34909,7.657
1000,3.000000,1.05316,8.149
1000,3.000000,0.27257,8.445
1000,3.000000,0.01788,5.815
1000,3.000000,0.01551,6.644
1000,3.000000,0.01612,5.825
1000,3.000000,0.01334,6.080
1000,3.000000,0.01677,6.311
1000,3.000000,0.00804,6.284
1000,3.000000,0.01019,6.163
1000,3.000000,0.01065,7.118
1000,3.000000,0.01185,6.092
1000,3.000000,0.00990,6.083
1000,3.000000,0.00631,6.073
1000,5.000000,0.08461,11.261
1000,5.000000,-0.80091,6.205
1000,5.000000,-0.81636,6.624
1000,5.000000,-0.69463,5.958
1000,5.000000,-0.78806,6.797
1000,5.000000,-0.35612,8.421
1000,5.000000,-0.81153,6.203
1000,5.000000,-0.73097,6.029
1000,5.000000,3.38510,7.882
1000,5.000000,-0.53416,7.131
1000,5.000000,-0.65939,7.575
1000,5.000000,-0.56800,7.797
1000,5.000000,-0.82948,6.660
1000,5.000000,-0.24705,5.738
1000,5.000000,-0.73809,5.909
1000,5.000000,-0.48961,7.934
1000,5.000000,-0.75485,5.794
1000,5.000000,0.01579,4.811
1000,5.000000,-0.74395,5.287
1000,5.000000,0.34677,8.677
1000,5.000000,-0.79136,6.161
1000,5.000000,-0.32219,4.914
1000,5.000000,-0.81177,5.476
1000,5.000000,-0.09399,6.788
1000,5.000000,-0.33918,6.714
1000,5.000000,-0.23260,5.986
1000,5.000000,-0.24999,5.834
1000,5.000000,-0.82426,5.396
1000,5.000000,-0.58478,6.060
1000,5.000000,0.01598,4.487
1000,5.000000,-0.81043,5.383
1000,5.000000,-0.61914,5.364
1000,5.000000,-0.33851,7.076
1000,5.000000,-0.02381,7.288
1000,5.000000,-0.80300,4.780
1000,5.000000,-0.65226,7.262
1000,5.000000,0.95117,8.057
1000,5.000000,-0.28970,6.490
1000,5.000000,-0.28745,7.843
1000,5.000000,-0.84105,4.876
1000,5.000000,0.20923,7.357
1000,5.000000,-0.50255,4.477
1000,5.000000,-0.79393,4.735
1000,5.000000,-0.71182,4.046
1000,5.000000,1.66898,7.847
1000,5.000000,-0.82883,4.618
1000,5.000000,0.48145,10.611
1000,5.000000,-0.42720,5.068
1000,5.000000,-0.76700,4.233
1000,5.000000,-0.16195,7.286
1000,5.000000,-0.72235,4.923
1000,5.000000,-0.58620,7.491
1000,5.000000,1.05037,4.323
1000,5.000000,0.52312,8.597
1000,5.000000,-0.69112,4.138
1000,5.000000,-0.57632,7.668
1000,5.000000,-0.33790,4.109
1000,5.000000,-0.63776,4.413
1000,5.000000,-0.47449,4.133
1000,5.000000,-0.20989,7.516
1000,5.000000,-0.35202,8.551
1000,5.000000,0.01886,3.957
1000,5.000000,-0.70182,4.154
1000,5.000000,0.28623,4.791
1000,5.000000,2.38433,9.480
1000,5.000000,-0.41528,8.211
1000,5.000000,-0.44975,4.569
1000,5.000000,-0.07421,4.642
1000,5.000000,-0.82691,5.272
1000,5.000000,0.02050,4.602
1000,5.000000,-0.84296,5.743
1000,5.000000,-0.61815,7.692
1000,5.000000,-0.75485,7.172
1000,5.000000,-0.80922,5.506
1000,5.000000,-0.43180,5.175
1000,5.000000,-0.78667,6.085
1000,5.000000,-0.27506,6.596
1000,5.000000,-0.64115,5.487
1000,5.000000,1.99289,9.789
1000,5.000000,0.55006,7.353
1000,5.000000,0.29975,6.015
1000,5.000000,-0.73987,5.877
1000,5.000000,-0.06990,5.523
1000,5.000000,-0.64038,5.664
1000,5.000000,-0.26307,7.626
1000,5.000000,-0.71904,6.250
1000,5.000000,-0.82357,4.951
1000,5.000000,-0.75870,5.255
1000,5.000000,-0.54450,5.204
1000,5.000000,-0.06201,6.376
1000,5.000000,-0.69997,5.671
1000,5.000000,-0.34761,5.790
1000,5.000000,1.97274,8.664
1000,5.000000,0.29155,8.867
1000,5.000000,-0.66114,5.832
1000,5.000000,-0.77741,6.304
1000,5.000000,-0.11165,6.290
1000,5.000000,-0.50897,4.998
1000,5.000000,-0.81817,5.256
1000,5.000000,-0.73941,6.204
1000,10.000000,0.01468,3.920
1000,10.000000,0.01005,3.962
1000,10.000000,-0.71745,4.236
1000,10.000000,-0.51556,4.678
1000,10.000000,-0.72434,4.668
1000,10.000000,1.51885,7.399
1000,10.000000,-0.32998,4.912
1000,10.000000,-0.48800,4.651
1000,10.000000,-0.74314,4.665
1000,10.000000,-0.78613,3.937
1000,10.000000,-0.31487,4.034
1000,10.000000,0.52140,6.085
1000,10.000000,-0.08905,4.380
1000,10.000000,0.01544,3.601
1000,10.000000,-0.41172,4.489
1000,10.000000,-0.34180,4.939
1000,10.000000,-0.56599,4.048
1000,10.000000,-0.26057,4.328
1000,10.000000,-0.47441,4.291
1000,10.000000,-0.70313,3.962
1000,10.000000,-0.71519,4.228
1000,10.000000,-0.67215,3.838
1000,10.000000,-0.83078,3.743
1000,10.000000,-0.04811,4.690
1000,10.000000,-0.47588,4.236
1000,10.000000,-0.34318,3.999
1000,10.000000,-0.59688,4.084
1000,10.000000,-0.57182,3.978
1000,10.000000,-0.67429,4.124
1000,10.000000,0.01936,3.840
1000,10.000000,-0.55091,4.032
1000,10.000000,-0.09689,4.931
1000,10.000000,-0.68303,4.617
1000,10.000000,-0.43916,4.120
1000,10.000000,-0.31553,4.227
1000,10.000000,-0.55833,3.945
1000,10.000000,-0.49026,3.534
1000,10.000000,-0.73705,3.969
1000,10.000000,0.29183,4.381
1000,10.000000,-0.63044,4.038
1000,10.000000,0.36246,6.439
1000,10.000000,-0.72500,4.223
1000,10.000000,-0.67263,5.103
1000,10.000000,-0.35591,3.791
1000,10.000000,-0.41979,4.212
1000,10.000000,-0.60173,4.252
1000,10.000000,-0.64146,5.071
1000,10.000000,-0.81848,4.312
1000,10.000000,-0.64782,4.581
1000,10.000000,-0.60422,4.536
1000,10.000000,1.01153,6.281
1000,10.000000,1.32835,5.324
1000,10.000000,-0.78374,4.749
1000,10.000000,-0.00375,4.202
1000,10.000000,-0.83289,4.461
1000,10.000000,-0.74517,4.989
1000,10.000000,-0.70449,4.636
1000,10.000000,-0.78651,4.514
1000,10.000000,0.19533,5.159
1000,10.000000,-0.50177,4.657
1000,10.000000,-0.31517,5.536
1000,10.000000,-0.16321,4.473
1000,10.000000,-0.10480,6.175
1000,10.000000,-0.66002,4.630
1000,10.000000,-0.64916,4.612
1000,10.000000,-0.63935,4.659
1000,10.000000,-0.54813,4.852
1000,10.000000,0.25885,6.503
1000,10.000000,-0.44277,5.051
1000,10.000000,-0.67958,4.547
1000,10.000000,-0.68492,4.731
1000,10.000000,1.15815,6.364
1000,10.000000,-0.03554,4.437
1000,10.000000,-0.78695,4.925
1000,10.000000,-0.20791,4.804
1000,10.000000,0.20945,5.542
1000,10.000000,0.96430,5.532
1000,10.000000,-0.44168,4.624
1000,10.000000,0.02059,4.391
1000,10.000000,2.78923,5.764
1000,10.000000,3.27908,5.883
1000,10.000000,-0.68758,4.914
1000,10.000000,-0.02219,6.001
1000,10.000000,-0.79171,4.723
1000,10.000000,0.09885,5.909
1000,10.000000,-0.02022,4.722
1000,10.000000,2.49232,6.756
1000,10.000000,0.01457,5.385
1000,10.000000,-0.70411,5.440
1000,10.000000,-0.48493,5.360
1000,10.000000,0.02810,5.976
1000,10.000000,-0.61467,5.168
1000,10.000000,0.01748,4.630
1000,10.000000,0.23059,4.753
1000,10.000000,-0.82235,4.674
1000,10.000000,0.05036,4.834
1000,10.000000,1.15683,6.495
1000,10.000000,-0.01626,7.475
1000,10.000000,-0.41693,5.180
1000,10.000000,0.08230,6.581
